1,Dom Jednorodzinny? Stan Deweloperski? Smyczyna,Single-Family House - Developer Condition - Smyczyna
2,"Osiedle Belvedere Park, ul. Przyja?ni, 3 pokoje!","Belvedere Park housing estate, ul. Friendship, 3 rooms!"
3,?Przestronne mieszkanie z tarasem nieopodal lasu ?,?Spacious apartment with a terrace near the forest ?
4,WI?LANE OGRODY | 63 m2 | taras 21 m2 | ?OLIBORZ,VISTula GARDENS | 63 m2 | terrace 21 m2 | ?OLIBORZ
5,Klimatyczne dwupoziomowe mieszkanie,Atmospheric two-level apartment
6,NOWE dwupokojowe mieszkanie w ?wietnej cenie!,NEW two-room apartment at a great price!
7,"Osiedle Santo II Etap 2 pokoje 50,73 m2","Santo II estate, Stage 2 rooms, 50.73 m2"
8,"Dwupoziomowe mieszkanie na sprzeda?, Grzeg¢rzki","Duplex apartment for sale, Grzeg¢rzki"
9,Idealne mieszkanie w zielonej okolicy centrum,Perfect apartment in a green area of ??the center
10,Apartament Jana Paw?a,John Paul's Apartment
11,"XV-lecia, M4 52,31 m2, ul. Kusoci?skiego","XV-lecia, M4 52.31 m2, ul. Kusoci?ski"
12,"Idealne mieszkanie na start, zielone osiedle!","Perfect starter apartment, green housing estate!"
13,Mieszkanie z balkonem i kom¢rk? ul. ?YTNIA,Apartment with balcony and cell phone ul. RYE
14,20%/80% HARMONOGRAM p?atno?ci tylko do 27 czerwca?,20%/80% payment SCHEDULE only until June 27?
15,Mieszkanie w centrum Warszawy,Apartment in the center of Warsaw
16,"""Nowa Smolarnia"" 54,5 m2 3 pok.","""Nowa Smolarnia"" 54.5 m2 3 rooms"
17,"Mieszkanie z ogrodem, Sieros?aw - stan pod klucz","Apartment with a garden, Sieros?aw - turnkey condition"
18,"Du?y apartament w Bel mare, parking w cenie","Large apartment in Bel mare, parking included"
19,Uroczy dom letniskowy ca?oroczny 30 min od ?odzi,A charming year-round summer house 30 minutes from ?¢d?
20,Ok.Manufaktury??2 pokoje??Ten rok??Gara? 10 tys??,Ok.Manufaktury??2 rooms??This year??Garage 10 thousand??
21,2 pokoje/ mce postojowe/ kom¢rka lokatorska,2 rooms/ parking space/ storage room
22,Nowy dom w Jaworzu o pow. 136m2,New house in Jaworze with an area of 136m2
23,Wyj?tkowa Nieruchomo?? na Wsi w Otoczeniu Lasu - S,A unique property in the countryside surrounded by forest - S
24,APARTAMENT o pow. 28 m2 w Juracie,APARTMENT with an area of 28 m2 in Jurata
25,3 pokojowe-zadbane-Jod?owa!!!,3-room-well-kept-Jod?owa!!!
26,Mieszkanie 2 pokojowe 40m2 Bezczynszowe,"2-room apartment, 40m2, rent-free"
27,Przysta? ?agiewniki dom nr 5,"Przysta? ?agiewniki, house no. 5"
28,Na Sprzeda? Po?owa Bli?niaka Blisko Parku,Half of a Semi-detached House For Sale Near the Park
29,Apartamenty z widokiem na panoram? Karkonoszy,Apartments with a panoramic view of the Karkonosze Mountains
30,3-pokojowe mieszkanie w okolicach Centrum!,3-room apartment near the Center!
31,"Przestronne 2 pokoje z balkonem, w samym centrum","Spacious 2 rooms with a balcony, right in the center"
32,mieszkanie po generalnym remoncie,apartment after general renovation
33,Nova Pomorska | mieszkanie 40B | 70.51 m2,Nova Pomorska | apartment 40B | 70.51 m2
34,3-pok nowe Bulwary Praskie,3-room new Bulwary Praskie
35,Muchob¢r Wielki/2 pokoje/dobrze do?wietlone,Muchob¢r Wielki/2 rooms/well-lit
36,2 pokoje | Wysoki Standard | G¢rna | Kielce,2 rooms | High Standard | Upper | Kielce
37,Mieszkania Mi?e - ponad 30 m2 salon z aneksem,Mi?e Apartments - over 30 m2 living room with kitchenette
38,3 pokoje w centrum Olsztyna,3 rooms in the center of Olsztyn
39,Nowe 2-pokojowe mieszkanie 44m2 | Krowodrza!,New 2-room apartment 44m2 | Krowodrza!
40,NOWE | do zamieszkania | 3 pokoje | balkon,NEW | for living | 3 rooms | balcony
41,"Do odbioru w tym roku-Staszica, 2pok. z loggi?","Available for collection this year - Staszica, 2 rooms. with loggia"
42,Prowizja 0% | IDEALNY UK?AD | Zostaw wiadomo??!,Commission 0% | PERFECT ARRANGEMENT | Leave a message!
43,"Gumie?ce ?liczny apartament 3pok,81m2,ogr¢d 170m2.","Gumie?ce beautiful apartment, 3 rooms, 81 m2, garden 170 m2."
44,Mieszkanie idealne pod inwestycj? Pozna? Rataje,An ideal apartment for investment in Pozna? Rataje
45,Przestronne mieszkanie w rynku,Spacious apartment in the market square
46,TOP Francuska Park Szybowcowa 3 pokoje wyko?czone,TOP Francuska Park Szybowcowa 3 rooms finished
47,K?pa Mieszcza?ska/Ostatnie Mieszkanie/Ogr¢dek,K?pa Mieszcza?ska/Last Apartment/Garden
48,Wyj?tkowe mieszkanie z ogr¢dkiem i balkonem,A unique apartment with a garden and balcony
49,Dwa apartamenty inwestycyjne w zabytkowej willi,Two investment apartments in a historic villa
50,"Nowe 4-pok mieszkanie dla rodziny, Bonarka 68,99mý","New 4-room apartment for a family, Bonarka, 68.99 mý"
51,"Sprzedam - ul. Lutomierska 138, ?¢d?,","For sale - ul. Lutomierska 138, ?¢d?,"
52,"Mieszkanie dwupoziomiowe 89,5m z gara?em Jaspisowa",Two-level apartment 89.5 m with a garage Jaspisowa
53,"Mieszkanie 3 pokoje, centrum Mi?dzyrzecza","3-room apartment, center of Mi?dzyrzecz"
54,OFERTA MIESI?CA | Dwupokojowe mieszkanie | Balkon,OFFER OF THE MONTH | Two-room apartment | Balcony
55,"Mieszkanie z tarasem na Gaju, pe?en rozk?ad!","Apartment with a terrace in Gaj, full layout!"
56,Mieszkanie 59m2 ?cis?e centrum,59m2 apartment in the very center
57,Mieszkanie Saska K?pa,Apartment Saska K?pa
58,Mieszkanie M3 rozk?adowe z balkonem 8p po gen rem.,"M3 apartment with a balcony, 8 floors, first gen."
59,Wi?niowy Sad I top apartament I taras I m. post.,Wi?niowy Sad I top apartment I terrace I post month
60,Dwa pokoje do wej?cia z wyposa?eniem - Pogo?!,Two rooms to enter with equipment - Pogo?!
61,Dwa poziomy | 2 balkony | taras | klucze na jesie?,Two levels | 2 balconies | terrace | keys for autumn
62,Bli?niak Osiedle Krzewina gm. Halin¢w,Semi-detached house Krzewina commune Halin¢w
63,5 pokoi |ogr¢d |TOP lokalizacja| gara?|,5 rooms |garden |TOP location| garage|
64,Bezpo?rednio / Wysoki Standard / Ostatnie Pi?tro,Directly / High Standard / Top Floor
65,Kazimierza Wielkiego przy Parku Grunwaldzkim,Kazimierz Wielki at Grunwaldzki Park
66,Wyj?tkowe Mieszkanie na bliskiej Woli!,A unique apartment in close Wola!
67,Bielany*3 pokoje,Bielany*3 rooms
68,Mieszkanie - Wa?brzych Podzamcze,Apartment - Wa?brzych Podzamcze
69,Las i woda? Dom w Skubiance - Zalew Zegrzy?ski,Forest and water? House in Skubianka - Zegrze Reservoir
70,Mieszkanie 82 m.kw. z tarasem w centrum,Apartment 82 sq m with a terrace in the center
71,2- pokojowe mieszkanie na granicy Rumi i Redy. Odb,2-room apartment on the border of Rumia and Reda. Answer
72,Przestronne mieszkanie w ?wietnej lokalizacji.,Spacious apartment in a great location.
73,Pi?tro 1. Balkon. Ogrzewanie miejskie,Floor 1. Balcony. District heating
74,Wygodne 2-pokoje z balkonem w willowej okolicy,Comfortable 2-room apartment with a balcony in a residential area
75,Do jutra??Ok. Manufaktury??Ten rok??Gara? 6.000??,See you tomorrow??Okay. Manufaktury??This year??Garage 6.000??
76,Nieruchomo?? inwestycyjna w doskona?ej lokalizacji,Investment property in an excellent location
77,Mieszkanie 4 pokoje Okazja!,Apartment 4 rooms Bargain!
78,Mieszkanie dwupokojowe z balkonem,Two-room apartment with a balcony
79,"2-pokojowe mieszkanie, 200m,od morza","2-room apartment, 200 m from the sea"
80,M3 z Balkonem we Wroc?awskiej Amazonii?HIT?CENTRUM,M3 with a balcony in the Wroc?aw Amazon?HIT?CENTER
81,Mieszkanie 76m2 na ROOSEVELTA,Apartment 76m2 in ROOSEVELTA
82,Do wyko?czenia | 3-pokojowe mieszkanie | Jagodno,To finish | 3-room apartment | Jagodno
83,Nowe mieszkania deweloperskie.,New developer apartments.
84,3 Pokoje - Zielone Tarasy ul. ?wi?tego Rocha,3 Rooms - Zielone Tarasy ul. Saint Roch
85,"Mieszkanie, 48 mý, Krak¢w","Apartment, 48 mý, Krak¢w"
86,Mieszkanie - Wa?brzych Stary Zdr¢j,Apartment - Wa?brzych Stary Zdr¢j
87,Warszawa W?ochy mieszkanie na ostatnim pi?trze,Warsaw W?ochy apartment on the top floor
88,"Mieszkanie M4, Przylesie, ul. Teski, po remoncie.","Apartment M4, Przylesie, ul. Teska, after renovation."
89,"Dom w cenie mieszkania, Aleja Lipowa - Reda","House included in the price of the apartment, Aleja Lipowa - Reda"
90,Blisko Metra - 4 Pokoje Na Bielanch,Close to the Metro - 4 Rooms in Bielanch
91,"Nowa Towarowa, unikalna architektura","Nowa Towarowa, unique architecture"
92,"Osiedle Santo II Etap 3 pokoje 67,27 m2","Santo II estate, Stage 3 rooms, 67.27 m2"
93,"Mieszkanie w kamienicy z 1936r.-52mý, bez prowizji","Apartment in a tenement house from 1936 - 52 mý, no commission"
94,Nowe 4 pokojowe mieszkanie blisko Bonarki,New 4-room apartment near Bonarka
95,Mieszkanie inwestycyjne,Investment apartment
96,Mieszkanie nad jeziorem w Lubniewicach,Apartment by the lake in Lubniewice
97,Przytulne Mieszkanie z Du?ym Balkonem,Cozy Apartment with a Large Balcony
98,3 pokoje | loggia | park | Mpk | bez prowizji,3 rooms | loggia | park | Mpk | without commission
99,"Nowe mieszkanie 61,1m2 - Wieliczka ?w. Barbary",New apartment 61.1 m2 - Wieliczka ?w. Barbara
100,Kup i zarabiaj- wyposa?ony gotowiec inwestycyjny,Buy and earn - a fully equipped investment vehicle
101,??Atrakcyjne 2 pokoje z du?ym balkonem ??,??Attractive 2 rooms with a large balcony ??
102,Nowoczesny Apartament 45m2 w ?cis?ym Centrum,A modern apartment of 45 m2 in the very center
103,"Nowoczesny dom BRZEZINA 140m2, POMPA CIEP?A","Modern house BRZEZINA 140m2, HEAT PUMP"
104,"3 pokoje, 55m2, Wieliczka, gara?, kom¢rka","3 rooms, 55 m2, Wieliczka, garage, storage room"
105,BIELSKIE TARASY mieszkanie 2 pok. Nowa inwestycja,BIELSKIE TARASY apartment 2 rooms New investment
106,3 Pokoje Wszystko Nowe Przy Galerii S?oneczn WINDA,3 Rooms Everything New At Galeria S?oneczn ELEVATOR
107,We?nowiec ul J¢zefowska 3 pok 62m2 + Balkon,We?nowiec ul. J¢zefowska 3 rooms 62m2 + balcony
108,3-Pokoje | Pierwsze Pi?tro | Miejsce W Hali,3-Rooms | First Floor | Place In The Hall
109,Dom z zabudowaniami na du?ej dzia?ce|80a|Brze?nica,House with buildings on a large plot | 80a | Brze?nica
110,Osiedle Parkowa - Mieszkanie 6.2,Parkowa Housing Estate - Apartment 6.2
111,Mieszkanie na Sprzeda?,Apartment for Sale
112,Apartament z widokiem na morze- 10 m od pla?y,Apartment with a sea view - 10 m from the beach
113,Jednopokojowe mieszkanie z ogr¢dkiem na Bia?o??ce,One-room apartment with a garden in Bia?o??ka
114,2 pokoje Lsm-os.Piastowskie,2 rooms Lsm-os.Piastowskie
115,3 pokoje/oddzielna kuchnia/ustawne,3 rooms/separate kitchen/arranged
116,Ostatnie Wolne !!! | Dwupoziomowe | Klucze 2025,Last Day Off!!! | Duplex | Keys 2025
117,Dom parterowy w super standardzie wyko?czenia,One-story house with a high standard of finishing
118,Gotowy dom 25 minut od Warszawy+2 parkingi+pompa!,Ready house 25 minutes from Warsaw + 2 parking lots + pump!
119,Klimatyczny apartament na osiedlu oficerskim,Atmospheric apartment in the officers' estate
120,Mieszkanie na sprzeda? Centrum Rybnika,Apartment for sale in the center of Rybnik
121,Domy wolnostoj?ce po??czone gara?ami.,Detached houses connected by garages.
122,Kawalerka w ?wietnej lokalizacji,Studio apartment in a great location
123,"Mieszkanie po remoncie przy Okrzei 49,46 M",Apartment after renovation at Okrzei 49.46 M
124,Oferta dla Klienta Prywatnego jak i dla Inwestora!,Offer for Private Clients and Investors!
125,Mieszkanie 74m2 + balkon lub 44m2 + ogr¢d OSTATNIE,Apartment 74m2 + balcony or 44m2 + garden LAST
126,Funkcjonalne | Dobrze Skomunikowane | Balkon,Functional | Well Connected | Balcony
127,350m Metro Wawrzyszew / Od zaraz / Do wprowadzenia,350m Metro Wawrzyszew / Immediately / To move in
128,Atrakcyjne mieszkanie w centrum Bytowa,Attractive apartment in the center of Byt¢w
129,Luksusowe mieszkanie w sercu miasta - Tylko u Nas!,Luxurious apartment in the heart of the city - Only with us!
130,2 pokojowe w ?wietnej lokalizacji,2 rooms in a great location
131,"Jasne wysokie rozk?adowe mieszkanie, ul. Zdrowa","Bright, high-planned apartment, ul. Healthy"
132,3 Pokoje | Wysokie Sufity | Kamieniaca | Centrum |,3 Rooms | High Ceilings | Kamienica | Center |
133,Gotowe Mieszkania Pod Klucz | bez Prowizji,Ready Turnkey Apartments | without commission
134,"Stylowe, 3-pokojowe mieszkanie w ?r¢dmie?ciu.","Stylish, 3-room apartment in ?r¢dmie?cie."
135,3 pokoje | Spectrum | Blisko morza,3 rooms | Spectrum | Close to the sea
136,!!! BLISKO CENTRUM 5MIN DO RYNKU 2POKOJE 30M2 !!!,!!! CLOSE TO THE CENTER 5 MINUTES TO THE MARKET SQUARE 2 ROOMS 30 M2!!!
137,M?ko?owiec - ?ab?dzia / 2 pokoje / taras,M?ko?owiec - Swan / 2 rooms / terrace
138,obok S?du Okr?gowego we Wroc?awiu _ 7 min. pieszo,next to the District Court in Wroc?aw _ 7 min. on foot
139,Wyposa?ony ?adny Dom Wolnostoj?cy - Pas Nadmorski,Equipped Nice Detached House - Seaside Strip
140,Borek | do wprowadzenia | willa | super cena |,Borek | to be introduced | villa | great price |
141,Nowoczesne mieszkanie w Rumi 57 m2 z du?ym tarasem,"Modern apartment in Rumia, 57 m2 with a large terrace"
142,Okazja! Dom na sprzeda? w Kaliszu,Opportunity! House for sale in Kalisz
143,Apartament z ogr¢dkiem nad brzegiem jeziora WJM,Apartment with a garden on the shore of Lake WJM
144,Przestronne 3 pok balkon kom¢rka Gda?sk centrum,"Spacious 3-room balcony, cell phone, Gda?sk city center"
145,Na Zosinku | 3-pok. mieszkanie | 4.10,On Zosinek | 3-room apartment | 4/10
146,Mieszkanie Elbl?g ul. Robotnicza,Apartment Elbl?g ul. Worker's
147,"2 Nowoczesne pokoje 43,34 m2 na Ja?kowej Dolinie",2 Modern rooms 43.34 m2 in Ja?kowa Dolina
148,Kawalerka|Ogr¢d| 3min od rynku,Studio apartment|Garden| 3 minutes from the market square
149,Topowe Wyko?czenie! Wejd? i zamieszkaj nawet jutro,Top Finish! Come in and live even tomorrow
150,Mieszkanie 3 Pokoje w Markach+Miejsce Postojowe!!!,3-room apartment in Marki + parking space!!!
151,"2 pokoje, du?y balkon, osobna kuchnia, piwnica","2 rooms, large balcony, separate kitchen, basement"
152,"Na sprzeda? 3-pokojowe mieszkanie, 54 mý, 3 pi?tro","3-room apartment for sale, 54 mý, 3rd floor"
153,Mieszkanie z piwnic? odrestaurowana kamienica,"Apartment with a basement, a restored tenement house"
154,"Ursus, 3pok., Skm, Tylko 779.990 z?, Odbi¢r w 2024","Ursus, 3 rooms, Skm, Only PLN 779,990, Collection in 2024"
155,Rezerwacja Bytom Miechowice 2 ustawne pokoje 1,Reservation Bytom Miechowice 2 well-arranged rooms 1
156,Dwupoziomowe mieszkanie | Wielopokoleniowa rodzina,Duplex apartment | Multigenerational family
157,3 Pokoje/ Lawendowe Wzg¢rze/ Wysoki Standard,3 Rooms/ Lawendowe Wzg¢rze/ High Standard
158,"Pruszcz Park, Kawalerka, Gotowa do wprowadzenia,","Pruszcz Park, Studio apartment, Ready to move in,"
159,Bli?niak z du?? dzia?k?,Semi-detached house with a large plot
160,2M po kapitalnym remoncie! | centrum Wroc?awia!,2M after major renovation! | center of Wroc?aw!
161,"Nowe, wygodne, dobrze urz?dzone w cichej okolicy","New, comfortable, well-decorated in a quiet area"
162,Centrum miasta | ul. Chopina | 2 pokoje | 47 m2 |,City center | street Chopin | 2 rooms | 47 m2 |
163,Okolice ul. Rewalskiej 2Pokoje/Rozk?ad/Piwnica,Around the street Rewalskiej 2Rooms/Layout/Basement
164,Bez Prowizji !!! Trzypokojowe!!!!! Dwustronne !!!!,Without commission !!! Three-room!!!!! Double-sided!!!!
165,"Dwa mieszkania, Wilda","Two apartments, Wilda"
166,Mieszkanie 1 pokojowe - Park Sudecki II,1-room apartment - Park Sudecki II
167,Mieszkanie z potencja?em w centrum miasta,Apartment with potential in the city center
168,2pok. Ostatnie pi?tro. 3 min.pieszo od MetroTrocka,2 rooms Last floor. 3 min walk from MetroTrock
169,Nowe budownictwo.,New construction.
170,Posesja w spokojnej okolicy - dom z dzia?k?,Property in a quiet area - house with a plot
171,Mieszkanie 4 pokoje Centrum gotowe do odbioru!,4-room apartment in the center ready for collection!
172,M4 przy Placu S?onecznym,M4 at Plac S?oneczny
173,Komfortowe mieszkanie na parterze z tarasem,Comfortable apartment on the ground floor with a terrace
174,Centrum ul. Inowroc?awska Po remoncie z balkonem,Center ul. Inowroc?awska After renovation with a balcony
175,Nowy Apartament przy Plantach Al. Wolno?ci 13,New Apartment at Planty Al. Wolno?ci 13
176,"Bez prowizji, dobra lokalizacja, ciche i s?oneczne","No commission, good location, quiet and sunny"
177,Wyj?tkowy Penthouse przy Mokotowskiej,A unique penthouse at Mokotowska
178,FILM / GARA? ! + dodatkowy 4 pok¢j - BEZCZYNSZOWE!,MOVIE / GARAGE! + additional 4th room - RENT FREE!
179,3 pokojowy apartament przy Parku Krajobrazowym/Hel,3-room apartment near the Landscape Park/Hel
180,** ?cis?e Centrum ** Stan Do Wej?cia ** Ceg?a **,** City Center ** Condition To Entrance ** Brick **
181,Do jutra??Manufaktura-Uniwersytet??Kawalerka??,See you tomorrow??Manufaktura-Uniwersytet??Kawalerka??
182,Mieszkanie 3-pokojowe z ?wietnym uk?adem! Bez PCC!,3-room apartment with a great layout! No PCC!
183,"2 Pi?tro ! Centrum ! 3 pokoje ! Blok ! 56,90m2 !",2 floor ! Center ! 3 rooms ! Unit ! 56.90m2!
184,"Sprzedam mieszkanie Bonin 3 pokoje 66,9m2","Bonin apartment for sale, 3 rooms, 66.9 m2"
185,"Po generalnym remoncie, 3 pokoje od zaraz","After general renovation, 3 rooms available immediately"
186,2 pokoje | si?ownia | Bronowice - Wola Justowska,2 rooms | gym | Bronowice - Wola Justowska
187,Pi?kne 4-pokojowe mieszkanie z 2 balkonami!,Beautiful 4-room apartment with 2 balconies!
188,BEZPO?REDNIO Wyj?tkowa kawalerka ul. Limanowskiego,DIRECTLY Unique studio apartment ul. Limanowski
189,?wietne mieszkanie w Rembertowie,Great apartment in Rembert¢w
190,Mieszkanie na parterze z cz??ci? biurowo-handlow?,Apartment on the ground floor with an office and commercial area
191,Mieszkanie na Rolniczaku,Apartment in Rolniczak
192,"52 m.kw. 2 pok., II p., centr. S?upska","52 sq m 2 rooms, 2nd floor, center S?upsk"
193,"Mieszkanie 3-pokojowe, s?oneczne, Wiczlino Ogr¢d","3-room apartment, sunny, Wiczlino Ogr¢d"
194,Dwupoziomowy Apartament - Stare Miasto - Krak¢w,Duplex Apartment - Old Town - Krakow
195,Psie Pole/3 pokoje/balkon/piwnica,Psie Pole/3 rooms/balcony/basement
196,"?adne, ciche, ciep?e 2pokojowe mieszkanie - Murcki","Nice, quiet, warm 2-room apartment - Murcki"
197,2 osobne pokoje SKY TOWER !,2 separate SKY TOWER rooms!
198,Sprzedam kawalerk? 33 M2,"I am selling a studio apartment, 33 m2"
199,Be?zy*Nowy apartament 48m z 2023*2 Pokoje*5 pietr,Be?zy*New apartment 48m from 2023*2 rooms*5 floors
200,"Osiedle Santo II Etap 3 pokoje 59,99 m2",Osiedle Santo II Stage 3 rooms 59.99 m2
201,"kawalerka - G?og¢w, ul. Obro?c¢w Pokoju","studio apartment - G?og¢w, ul. Defenders of Peace"
202,Przepi?kne mieszkanie z antresol? na S?polnie!,Beautiful apartment with a mezzanine in S?polno!
203,Mieszkanie - Gdynia Chylonia,Apartment - Gdynia Chylonia
204,"62,68 m2 ( 3 pokoje ) za 585.000 z?- do negocjacji","62.68 m2 (3 rooms) for PLN 585,000 - negotiable"
205,"Pi?kne, 4pokoje, po remoncie, Tarchomin 64m2","Beautiful, 4 rooms, after renovation, Tarchomin 64m2"
206,Nowoczesne mieszkanie gotowe do zamieszkania,Modern apartment ready to move in
207,Dwa pokoje tylko 279.000 z?,"Two rooms only PLN 279,000"
208,Dom z zielonymi okiennicami - Owczeg?owy,House with green shutters - Owczag?owy
209,4-pok bezczynszowe mieszkanie ostatnie po odbiorze,"4-room rent-free apartment, last available after delivery"
210,Przestronne 3-Pokojowe Mieszkanie z Balkonem,Spacious 3-room apartment with balcony
211,"Po remoncie!1 pi?tro z 2 balkonami o pow. 64,60 m2",After renovation! 1st floor with 2 balconies with an area of 64.60 m2
212,Na sprzeda? dom z ogrodem Wielgowo Szczecin,House with a garden in Wielgowo Szczecin for sale
213,Pi?kny widok ? do wprowadzenia ? metro Rondo Onz,Beautiful view ? ready to move in ? Rondo Onz metro
214,Pi?kny Apartament 135m2 z tarasem 50m2,Beautiful apartment 135 m2 with a terrace of 50 m2
215,Boronowice 2 pokoje Przybyszewskiego Wyko?czone,Boronowice 2 rooms Przybyszewskiego Finished
216,"3 pok. 58,43 m2, loggia 0% PCC, 0 % prowizji","3 rooms 58.43 m2, loggia 0% PCC, 0% commission"
217,Mieszkanie dwupokojowe z ogr¢dkiem - Dzierzgo?,Two-room apartment with a garden - Dzierzgo?
218,Na sprzeda? mieszkanie 3-pokojowe z du?ym balkonem,3-room apartment with a large balcony for sale
219,Trzypokojowe mieszkanie z balkonem w FUZJI.,Three-room apartment with a balcony in FUZJA.
220,3-pokojowe mieszkanie z klimatyzacj? na Pogodnie,3-room apartment with air conditioning in Pogodno
221,OKAZJE cenowe 12 min od Gd G?¢wny| pod INWESTYCJ?,PRICE DEALS 12 min from Gd?¢w| for INVESTMENT
222,"Mieszkanie 3 pokoje z ogr¢dkiem, Stachowo - Mrok¢w","3-room apartment with a garden, Stachowo - Mrok¢w"
223,Nowa Inwestycja Harmony Park II ul. Gda?ska S?upsk,New Investment Harmony Park II ul. Gda?sk S?upsk
224,"""APARTAMENTY NOBILE"" W cenie ogr¢dek i kom¢rka !","""NOBILE APARTMENTS"" Garden and cell phone included in the price!"
225,4 Pokoje| Ogr¢dek | Balkon | Zamkni?te osiedle,4 Rooms| Garden | Balcony | Gated community
226,NOWO?? * WOLNOSTOJ?CY dom * przy LESIE * Na Z?OTEJ,NEW * DETACHED house * next to the FOREST * On Z?OTA
227,3 lub 4 pokoje blisko metra Imielin,3 or 4 rooms close to the Imielin metro station
228,"Bezpo?rednio, Bielany, 2 pokojowe 41m2, W¢lczy?ska","Directly, Bielany, 2 rooms 41m2, W¢lczy?ska"
229,2-poziomowe mieszkanie z 2002 roku na Rokosowie !,2-level apartment from 2002 in Rokos¢w!
230,Sprzedam kawalerk? Krak¢w Azory,I am selling a studio apartment in Krakow Azores
231,Koncertowa Dolina - 3 pokoje w pi?knym stylu.,Koncertowa Dolina - 3 rooms in a beautiful style.
232,Nova Pomorska | mieszkanie 37A | 70.51 m2,Nova Pomorska | apartment 37A | 70.51 m2
233,Na sprzeda? mieszkanie w ?wieciu!,Apartment for sale in ?wiecie!
234,Dom jednorodzinny na dzia?ce przy lesie,Single-family house on a plot next to the forest
235,"Przy LESIE 84,59mý +BALKON 5,84mý +m. parkingowe",At the FOREST 84.59 mý + BALCONY 5.84 mý + m. parking
236,Du?e dwupoziomowe mieszkanie blisko centrum!,Large two-level apartment close to the center!
237,"Apartament 75m2, Gwarancja najni?szej ceny, 0% PCC","Apartment 75m2, Lowest price guarantee, 0% PCC"
238,Rozk?adowe 2 pokoje na Nowolipkach,Scheduled 2 rooms in Nowolipki
239,3 pokoje??Uniwersytet??Manufaktura??Gara? 20.000??,"3 rooms??Uniwersytet??Manufaktura??Garage 20,000??"
240,"Wyj?tkowe 4-pok 96m2, 2 balkony+taras ul.Czy?y?ska","Unique 4-room 96m2, 2 balconies + terrace, Czy?y?ska street"
241,"Mieszkanie 3-4 pokojowe, blok z 2002r, os. G¢rczyn","3-4 room apartment, block from 2002, estate G¢rczyn"
242,2-pokojowe mieszkanie z du?ym balkonem [29-23],2-room apartment with a large balcony [29-23]
243,REZERWACJA,RESERVATION
244,Mieszkanie wysoki standard 3 pokoje blisko centrum,"High standard apartment, 3 rooms, close to the center"
245,Pi?kny Apartament|Osiedle Radosne|Do zamieszkania!,Beautiful Apartment|Radosne Housing Estate|For living!
246,"Rezerwacja 5 pokoi,kominek na granicy Z?bek i W-wy","Reservation of 5 rooms, fireplace on the border of Z?bki and Warsaw"
247,Balkon | Garderoba | Kapus Uj !,Balcony | Wardrobe | Snitch Ouch!
248,"3 m wysoko?ci, dwa balkony, dwie ?azienki, schowek","3 m high, two balconies, two bathrooms, storage room"
249,Przestronne 4 pokojowe mieszkanie nieopodal park,Spacious 4-room apartment near the park
250,Przestronny apartament na Wilanowie 88 m2,"Spacious apartment in Wilan¢w, 88 m2"
251,"OPOLE i 3 pokoje 66,9 m2 +ogr¢d 217 m2 +gara? +mp.",OPOLE and 3 rooms 66.9 m2 + garden 217 m2 + garage + utility room.
252,"dom na Siekierkach, rozbudowa","house in Siekierki, extension"
253,"Praga P¢?noc, Markowska, 3 pok., 96 m2, 1906 r.","Praga P¢?noc, Markowska, 3 rooms, 96 m2, 1906"
254,"Nowe Wyko?czone M-3, 37,01m2, 2 Pi?tro, Blok 2023","New Finished M-3, 37.01 m2, 2nd Floor, Block 2023"
255,"2-pok. mieszkanie na sprzeda?, Sosnowiec Lubelska","2-room apartment for sale, Sosnowiec Lubelska"
256,3 pokoje | Blisko obwodnicy | Gotowe !,3 rooms | Close to the ring road | Ready !
257,Pi?kne Mieszkanie Zapraszam,Beautiful Apartment. Welcome
258,"Inwestycyjne mieszkanie, kawalerka w kamienicy po","Investment apartment, studio in a tenement house"
259,"?widwin ,Centrum z widokiem na Zamek.","?widwin, Center with a view of the Castle."
260,Zau?ek Drzewny mieszkanie 4 pokojowe,Zau?ek Drzewny 4-room apartment
261,?Nowe budownictwo?Inwestycyjnie?3 pokoje?,?New construction?Investment?3 rooms?
262,Lokal pod dzia?alno?? na Starym ?oliborzu,Business premises in Stary ?oliborz
263,0% prowizji | 3 pok. | Wysoki standard,0% commission | 3 rooms | High standard
264,Na sprzeda? 2-pok. mieszkanie w dzielnicy Pogo?,2-room apartment for sale apartment in the Pogo? district
265,Stylowo wyko?czone M z GARDEROB? na Polance,Stylishly finished M with WARDROBE in Polanka
266,Kawalerka Nawrot ?¢d?,Studio apartment Nawrot ?¢d?
267,Dwustronne mieszkanie trzypokojowe z du?y balkon!,Two-sided three-room apartment with a large balcony!
268,Apartament dwupoziomowy z tarasem na dachu | P5_6,Duplex apartment with roof terrace | P5_6
269,Harmonia i elegancja - idealne miejsce nad Wart?.,Harmony and elegance - an ideal place on the Warta River.
270,Sprzedam 3 pokojowe mieszkanie,3-room apartment for sale
271,"pi?tro + poddasze ok. 130 m2, Gotowe - 2 poziomowe","first floor + attic approx. 130 m2, Ready - 2 levels"
272,"Pi?kne, nowoczesne 3 pokoje - Drabinianka","Beautiful, modern 3 rooms - ladder"
273,SAUNA w ?azience?Zachodnia ekspozycja?Szybko klucz,SAUNA in the bathroom? Western exposure? Quick key
274,"MIESZKANIE 57,19 m2(M21), 3 pokoje, pi?tro 3","APARTMENT 57.19 m2 (M21), 3 rooms, floor 3"
275,"5-pokojowe / 89,57m2 dla rodzin z dzie?mi",5-room / 89.57 m2 for families with children
276,LUX Amelung 3 pokoje 74 mkw pe?ne wyposa?enie,LUX Amelung 3 rooms 74 sq m fully equipped
277,Z ogr¢dkiem/pompa ciep?a/kanaliza/ostatni lokal,With a garden/heat pump/sewer/last apartment
278,2-pokojowe mieszkanie z tarasem +m. parkingowe,2-room apartment with terrace +m. parking
279,? Nowe mieszkanie z miejscem parkingowym,? New apartment with parking space
280,Inteligentny dom | basen | 5 sypialni,Smart home | swimming pool | 5 bedrooms
281,Urokliwa nieruchomo?? | Dulcza Wielka | Dom |42 Ar,Charming property | Dulcza Wielka | House |42 Ar
282,"Nowy Apartament, miejsca post. podziemne, bez PCC","New Apartment, post space. underground, without PCC"
283,Super cena - nowy apartament 43 m - z ogr¢dkiem,Great price - new apartment 43 m2 - with a garden
284,Szereg typu bli?niak Osiedle Lawendowe Smolec FILM,Semi-detached house Osiedle Lawendowe Smolec FILM
285,2-pokojowe mieszkanie z du?ym balkonem [29B-11],2-room apartment with large balcony [29B-11]
286,Idealne mieszkanie inwestycyjne/ 5 pokoi/ gara?,Perfect investment apartment/5 rooms/garage
287,"BA?TYCKA 4A. Atrakcyjne, blisko pla?y, 1 % wp?ata","BA?TYCKA 4A. Attractive, close to the beach, 1% deposit"
288,"Trag¢wek , 2 pok. 46,30 m , metro","Trag¢wek, 2 rooms 46.30 m, metro"
289,InCity - Apartament nr 74/M3,InCity - Apartment no. 74/M3
290,Apartamenty Vistula | apartament W_ 14,Vistula Apartments | apartment W_ 14
291,Du?a kawalerka ul.Prusa oficyna,"Large studio apartment, ul. Prusa outbuilding"
292,"UWAGA!,Ruczaj.Czerw.Maki-Luksusowe 53m-plus m.post","ATTENTION!,Ruczaj.Czerw.Maki-Luksusowe 53m-plus m.post"
293,Mieszkanie w ?wietnej lokalizacji z Klimatyzacj?,Apartment in a great location with air conditioning
294,"Osiedle Lawendowe 2 pokoje pow. 54,30 m2",Osiedle Lawendowe 2 rooms area 54.30 m2
295,Wyj?tkowe mieszkanie przy lesie z m.postojowym,A unique apartment next to the forest with parking space
296,Mieszkanie 72 m2 Prokocim,Apartment 72 m2 Prokocim
297,Nowy apartament na Osiedlu Chopina w Jaworznie,New apartment in the Chopina Housing Estate in Jaworzno
298,"Penthouse z tarasem i dwoma balkonami, Ac","Penthouse with terrace and two balconies, Ac"
299,Mieszkanie idealne dla os¢b ceni?cych cisz?,The apartment is perfect for people who value silence
300,"Mieszkanie, 2 pokoje z balkonem | 46,00m2","Apartment, 2 rooms with balcony | 46.00m2"
301,BIELSKIE TARASY mieszkanie 3 pok. Nowa inwestycja,BIELSKIE TARASY apartment 3 rooms New investment
302,Rakowicka | Novum | 46m2- 2 pok- ogr¢dek 45m2,Rakowicka | New | 46m2 - 2 rooms - garden 45m2
303,Mieszkanie z ogr¢dkiem idealne dla rodziny,"An apartment with a garden, perfect for a family"
304,Dwupoziomowy loft w Gdyni na Ma?ym Kacku,"Two-level loft in Gdynia, Ma?y Kack"
305,Mieszkanie 100 m2 ogrodu/3 pokoje,Apartment 100 m2 garden/3 rooms
306,"Mieszkanie na sprzeda? - Sosnowiec, Zag¢rze","Apartment for sale - Sosnowiec, Zag¢rze"
307,2 pokoje | balkon | gara? | Bliska Wola,2 rooms | balcony | garage | Bliska Wola
308,Mieszkanie Po generalnym remoncie,Apartment After general renovation
309,2-pokojowe mieszkanie przy ul. Ludwiki,2-room apartment at ul. Ludwiki
310,Dom z widokiem na zielony g¢rski krajobraz,House with a view of the green mountain landscape
311,Gotowy apartament z parkingiem 100 M do pla?y!,Ready apartment with parking 100 m to the beach!
312,Nowe Mieszkanie - w pe?ni wyko?czone - parking,New apartment - fully finished - parking
313,"Mieszkanie na sprzeda? 44 m2, 3 pokoje, Ko?obrzeg","Apartment for sale 44 m2, 3 rooms, Ko?obrzeg"
314,Kawalerka z oddzieln? widn? kuchni? w Piasecznie,"Studio apartment with a separate, bright kitchen in Piaseczno"
315,Miejsce postojowe i kom¢rka lokatorska w cenie!,Parking space and storage room included in the price!
316,"Nowoczesna kawalerka, Wola, Metro","Modern studio apartment, Wola, Metro"
317,Atrakcyjny dom w urokliwym miejscu - ?wierczyniec,Attractive house in a charming place - ?wierczyniec
318,Dom pod Zamo?ciem,House near Zamo??
319,"?loggi?, ciep?oci?g, oddzielna kuchnia, rej. Siko?","? loggia, heating pipeline, separate kitchen, Siko district ?"
320,Inwestycja vis-a-vis Galerii Olimp,An investment opposite Galeria Olimp
321,"ul. Lotnicza Elbl?g, blisko ANS, 68m2, 3 pokoje","street Lotnicza Elbl?g, close to ANS, 68m2, 3 rooms"
322,Mieszkanie ?wie?o po remoncie w Cieszynie,Freshly renovated apartment in Cieszyn
323,"Najta?sze nowe kawalerki, 200 metr¢w do tramwaju!","The cheapest new studio apartments, 200 meters to the tram!"
324,"Mieszkanie na sprzeda?,Wroc?aw-?r¢dmie?cie,ul. Cur","Apartment for sale, Wroc?aw-?r¢dmie?cie, ul. cur"
325,4 pokojowe mieszkanie nad Jeziorem w Rosnowie...,4-room apartment by the lake in Rosn¢w...
326,Mieszkanie 3- pokojowe na os. Widok,3-room apartment in the estate. View
327,"Komfortowy, bardzo ?adnyÿapartament","Comfortable, very nice apartment"
328,Urz?dzony nowy dom w Starogardzie Gda?skim,A furnished new house in Starogard Gda?ski
329,3-pokojowe mieszkanie z dwoma balkonami,3-room apartment with two balconies
330,*Przestronne trzy pokoje*Zawady Bia?ystok*,*Spacious three rooms*Zawady Bia?ystok*
331,Nowe Mieszkanie Wn?trza Za Darmo!,New Apartment Interiors For Free!
332,Sprzedam dom na dzia?ce 3400 m2 - 1 km do Jeziora,"I will sell a house on a plot of 3,400 m2 - 1 km to the lake"
333,Gotowe do zamieszkania z ksi?g? wieczyst?! Bez PCC,Ready to move in with the land and mortgage register! Without PCC
334,"Wyj?tkowe 2 pokoje, Royal Residence, Wilan¢w","Unique 2 rooms, Royal Residence, Wilan¢w"
335,"3 pokojowe mieszkaniem, pierwsze pi?tro - M03","3-room apartment, first floor - M03"
336,2 pokojowe mieszkanie z ogrodem 84m2. Ochota,2-room apartment with garden 84m2. desire
337,* Dwupoziomowe mieszkanie z du?ym tarasem *,* Two-level apartment with a large terrace *
338,"Dolny Mokot¢w, Kostrzewskiego, 3 pok., 65,4 m2","Dolny Mokot¢w, Kostrzewski, 3 rooms, 65.4 m2"
339,"Poszukiwana lokalizacja,dla rodziny lub pod najem","Location wanted, for a family or for rent"
340,2 pokoje z wyko?czeniem pod klucz ! okazja !,2 rooms with turnkey finishing! opportunity !
341,"Grabiszynek-os.Impressio,2p-52m2,taras,winda,gara?","Grabiszynek-os.Impressio, 2 floors-52 m2, terrace, elevator, garage"
342,Okolice ul. Bajana/Nowe2014/Balkon/Gara?,Around the street Bajana/Nowe2014/Balcony/Garage
343,Mieszkanie 4 pok w centrum w pi?knej kamienicy,4-room apartment in the center in a beautiful tenement house
344,Ostatnie mieszkania w Inwestycji J.W. CONSTRUCTION,The last apartments in the J.W. Investment CONSTRUCTION
345,Mieszkanie z ogrodem i altank? przy ul. Moniuszki,Apartment with a garden and a gazebo at ul. Moniuszko
346,Rezerwacja !!! Dwa pokoje z balkonem,Reservation!!! Two rooms with a balcony
347,Okazja | Klimatyczne mieszkanie 1 km od Rynku,Opportunity | Atmospheric apartment 1 km from the Market Square
348,O?taszyn - TreePlan Residence,O?taszyn - TreePlan Residence
349,Na sprzeda? mieszkanie 4 pok. - Os.Pyrzyckie,4-room apartment for sale. - Os.Pyrzyckie
350,"Kawalerka, wysoki standard, klimatyzacja, nowa","Studio apartment, high standard, air conditioning, new"
351,Mieszkanie 2 poziomowe na osiedlu Skarbowc¢w,2-level apartment in the Skarbowcy estate
352,Przestronne mieszkanie z ogrodem i piwnic?,Spacious apartment with a garden and basement
353,2-pokoje | taras | II pi?tro | Twoje 44m2 w Olecku,2-rooms | terrace | 2nd floor | Your 44m2 in Olecko
354,Apartament | Arka Medical Spa | Ko?obrzeg,Apartment | Arka Medical Spa | Ko?obrzeg
355,Atrakcyjne mieszkanie na granicy Sadyby i Wilanowa,Attractive apartment on the border of Sadyba and Wilan¢w
356,Rozk?adowe 3 -pokojowe na Borku,Scheduled 3-room apartment in Borek
357,?TRAMWAJ ? Uniwersytecki Szpital Kliniczny?0% PCC?,?TRAM ? University Clinical Hospital?0% PCC?
358,Ponad 3M Wysoko?ci! Prywatny Gara?!,Over 3M High! Private Garage!
359,"Dwupoziomowy, z widokiem na morze.","Duplex, with a sea view."
360,"Dom ze stawem, K?dzier¢wka, Piaseczy?ski","House with a pond, K?dzier¢wka, Piaseczy?ski"
361,"Apartament Fort Forest I Pi?tro, Komfort i Pi?kno","Fort Forest Apartment, 1st Floor, Comfort and Beauty"
362,PI?TRO+PODDASZE - mo?liwo?? podzia?u na 2 lokale !,UPSTAIRS + ATTIC - possibility of dividing into 2 premises!
363,"Miejsce idealne dla Rodziny, ?wietna lokalizacja!","Perfect place for a family, great location!"
364,Nowe mieszkanie z du?ym balkonem w centrum miasta!,New apartment with a large balcony in the city center!
365,Nowe Zag¢rze,Nowe Zag¢rze
366,4-POKOJOWE MIESZKANIE II pi?tro ul. P?ochoci?ska,4-ROOM APARTMENT 2nd floor ul. P?ochoci?ska
367,?agiewniki Residence dom nr 7B Artur¢wek,?agiewniki Residence house no. 7B Artur¢wek
368,"2 pokoje w bloku z balkonem, blisko Manufaktura","2 rooms in a block with a balcony, close to Manufaktura"
369,NOWE dwupokojowe mieszkanie w ?wietnej cenie!,NEW two-room apartment at a great price!
370,Odrestaurowany budynek - parter / ogr¢dek,Renovated building - ground floor/garden
371,I Condo 42m2 I Puszcza Bia?owieska I Le?ne SPA I,I Condo 42m2 I Bia?owie?a Forest I Forest SPA I
372,Mieszkanie 3 pokojowe o?. Piast¢w,3-room apartment axle. Piasts
373,"Apartament przy pla?y, Grzybowo - lokal mieszkalny","Apartment by the beach, Grzybowo - residential premises"
374,Sp¢?dzielcze / 2 pok. / Os. Zatorze / 0% PROWIZJI,Cooperative / 2 rooms / Os. ??Zator / 0% COMMISSION
375,Lokal Inwestycyjny - Aura II Bud.4 - 41m2,Investment Premises - Aura II Building 4 - 41m2
376,Sprzedam mieszkanie 33 m2 na parterze.,I am selling an apartment of 33 m2 on the ground floor.
377,Nowe 2 pokoje - Niebuszewo,New 2 rooms - Niebuszewo
378,Wygodne mieszkania przy ul. Bia?ostockiej,Comfortable apartments at ul. Bia?ystok
379,Studio w s?ynnejÿinwestycjiÿUnique Tower,Studio in the famous Unique Tower investment
380,"Jasne, z balkonem, idealne dla rodziny!","Bright, with a balcony, perfect for a family!"
381,"2 pokoje na ul.Samsonowicza, 38,44m2!","2 rooms on ul. Samsonowicza, 38.44 m2!"
382,Po cz??ciowym remoncie,After partial renovation
383,"Mieszkanie, 76,80 mý, Jaworze","Apartment, 76.80 mý, Jaworze"
384,"Mieszkanie 40,7 m2 Balkon. Godula Ruda ?l?ska",Apartment 40.7 m2 Balcony. Godula Ruda ?l?ska
385,Parterowe z ogrodem | 3 pokoje dost?pne od Zaraz,Single-story with a garden | 3 rooms available immediately
386,2 pokojowe mieszkanie na sprzeda? / Goc?awek,2-room apartment for sale / Goc?awek
387,?SYSTEM HOME?OKAZJA?Ogr¢dek+Taras?0%Prowizji i PCC,? HOME SYSTEM ? CHANCE ? Garden + Terrace ? 0% Commission and PCC
388,2 niezale?ne i samodzielne Apartamenty+parking,2 independent and self-contained apartments + parking
389,Mieszkanie w Centrum po remoncie Sky Tower Okazja!,Apartment in the city center after the renovation of Sky Tower. Opportunity!
390,Mieszkanie - Gdynia Red?owo,Apartment - Gdynia Red?owo
391,B?dzin - 3 pokoje - balkon - cena do negocjacji !,B?dzin - 3 rooms - balcony - price negotiable!
392,Dom w zabudowie dwulokalowej Dalki Wichrowe ....,Two-unit house Dalki Wichrowe....
393,Komfortowy apartament 5 pokoi przy metrze PROMOCJA,"Comfortable apartment, 5 rooms, next to the metro. PROMOTION"
394,Nowoczesne dwa apartamenty w Szklarskiej Por?bie,Modern two apartments in Szklarska Por?ba
395,3 pokojowe z antresol? z widokiem na port,3 rooms with a mezzanine overlooking the port
396,Ekskluzywny apartament w centrum Ustronia,Exclusive apartment in the center of Ustro?
397,"Mieszkanie 3-pokojowe na nowoczesnym os ""Grabina""","3-room apartment in a modern estate ""Grabina"""
398,Ten dom zosta? stworzony z my?l? o Tobie!,This house was created with you in mind!
399,Przestronne M4 z balkonem,Spacious M4 with balcony
400,Cubic ostatnie 2 pokoje w Centrum Fordonu!!,Cubic last 2 rooms in the Fordon Center!!
401,Przestronny dom z widokiem na las I 4 pokoje,A spacious house with a view of the forest and 4 rooms
402,"Idealne M4 - Cicho, ?cisle centrum, ?adna okolica","Perfect M4 - Quiet, close to the center, nice neighborhood"
403,Mieszkanie W Stanie Deweloperskim Na,Apartment in developer condition
404,Katowice Kostuchna Ba?ant¢w REZERWACJA,Katowice Kostuchna Pheasants RESERVATION
405,Mieszkanie z antresol? GOTOWE DO ODBIORU! w Brzegu,Apartment with mezzanine READY FOR PICKUP! in Brzeg
406,kawalerka | Kalwaryjska | Blisko centrum |,studio apartment | Kalwariajska | Close to the center |
407,Nowe 2 pokoje z przestrzennym TARASEM dni OTWARTE,New 2 rooms with a spacious TERRACE OPEN days
408,Idealna inwestycja -mieszkanie 2-lokalowe! Korczak,Perfect investment - 2-unit apartment! Korczak
409,"Oszcz?dno?? 13,7 tys ! Du?y salon, 3 pokoje .","Savings of PLN 13.7 thousand! Large living room, 3 rooms."
410,pi?kny widok / 3 pokoje / ?r¢dmie?cie,beautiful view / 3 rooms / ?r¢dmie?cie
411,So?tysowska 10K |So?tysowska Park| 50m2 | 2 p. |,So?tysowska 10K |So?tysowska Park| 50m2 | 2 p. |
412,REZERWACJA?linia brzegowa?sauna?balia?,RESERVATION?shoreline?sauna?tub?
413,"Mieszkanie 1pok, 33,34m2 z balkonem /Wroc?aw Stare","1-room apartment, 33.34 m2 with balcony / Wroc?aw Stare"
414,76m2+TARAS 18m2+ SCHOWEK 39m2 Stare Miasto LUBLIN,76m2 + TERRACE 18m2 + STORAGE 39m2 Old Town LUBLIN
415,"Gda?sk Przymorze, Trzy ?agle, apartament 5 pokojow","Gda?sk Przymorze, Trzy ?agle, 5-room apartment"
416,"?liczne 3pok,Zakrz¢w,60m2,2kom¢rki,balkon","Beautiful 3-room apartment, Zakrz¢w, 60 m2, 2 cells, balcony"
417,Reprezentacyjne / Wysokie / Balkon / Piwnica 10mkw,Representative / High / Balcony / Basement 10 sq m
418,"2 pokojowe mieszkanie, 1 pi?tro - 1.21","2-room apartment, 1st floor - 1.21"
419,Lublin S?awin mieszkanie 3pokoje du?y balkon,"Lublin S?awin apartment 3 rooms, large balcony"
420,S?oneczne Bolszewo III Mieszkania,S?oneczne Bolszewo III Apartments
421,Atrakcyjna lokalizacja! Pi?kne mieszkanie! Film,Attractive location! Beautiful apartment! Movie
422,Blisko G?ogowska 3 niezale?ne pokoje parking,"Near G?ogowska, 3 independent rooms, parking"
423,Rozk?adowe w bloku z ceg?y z du?ym potencja?em,Scheduled in a brick block with great potential
424,"Mieszkanie_2-pokoje_52,5 m2_parter_Fasty_Bia?ystok",Mieszkanie_2-rooms_52.5 m2_parter_Fasty_Bia?ystok
425,Na sprzeda? mieszkanie po kapitalnym remoncie,Apartment for sale after complete renovation
426,Pi?kne 2-pok 48m2 Sp¢?dzielcze w?asn ul. Bosma?ska,Beautiful 2-room 48m2 Cooperative own ul. Bosma?ska
427,Metro P?ocka/Do Wej?cia/Pi?kny WIDoK,P?ock Metro/To the Entrance/Beautiful VIEW
428,Chorz¢w Centrum 3 pokoje,Chorz¢w Centrum 3 rooms
429,Apartament z 2010r. w Odra House z tarasem 17m2,Apartment from 2010 in Odra House with a terrace of 17 m2
430,"Dom z pi?knym widokiem - Jonkowo, Koralowa","House with a beautiful view - Jonkowo, Koralowa"
431,OK UL. GROTA ROWECKIEGO / BEZ PROWIZJI,OK UL. GROTA ROWECKIEGO / NO COMMISSION
432,Altus- apartament gotowy do natychmiastowego przek,Altus - apartment ready for immediate conversion
433,"Kapu?ciska, M4 w bardzo dobrym stanie, super punkt","Kapu?ciska, M4 in very good condition, great point"
434,"Dom, ul. Konopnickiej.","House, street Konopnicka."
435,Nowa Cz?stochowa Ma?opolska|mieszkanie 2-pok.|B9,Nowa Cz?stochowa Ma?opolska|2-room apartment|B9
436,Apartament po remoncie | wysoki standard,Apartment after renovation | high standard
437,"Mieszkanie, 21 mý, Ustro?","Apartment, 21 mý, Ustro?"
438,Apartamenty na Asnyka,Apartments on Asnyka
439,"Kawalerka w centrum, s?oneczna, winda, rowerownia.","Studio apartment in the center, sunny, elevator, bicycle room."
440,?MEGA OKAZJA?Dobrze skomunikowane?BALKON?0%PCC,?MEGA DEAL?Well connected?BALCONY?0%PCC
441,Kawalerka na sprzeda?,Studio apartment for sale
442,399/15902/OMS,399/15902/OMS
443,"Mieszkanie 48m2, J¢zefos?aw, ogr¢d, gara?, parter","Apartment 48m2, J¢zefos?aw, garden, garage, ground floor"
444,Nowe wyko?czone mieszkanie Struga pod klucz,"New, finished turnkey apartment in Struga"
445,"3-pokojowe, 66m2 | Osiedle M?odych | widok na las","3-room, 66m2 | Osiedle M?odych | view of the forest"
446,Apartament Dziwn¢w,Dziwn¢w Apartment
447,0% | Jubileuszowa | Chorz¢w | 0 % prowizji,0% | Jubilee | Chorz¢w | 0% commission
448,Dom Wolnostoj?cy ? ?o?no,Detached House ? ?o?no
449,"przestronne mieszkanie w ?cis?ym centrum 55,7m2",spacious apartment in the very center of 55.7 m2
450,Nowe mieszkanie pod inwestycj? w Jastrz?biej G¢rze,New apartment for investment in Jastrz?bia G¢ra
451,Apartament blisko centrum / Browary/ Brak prowizji,Apartment close to the center / Breweries / No commission
452,4 pokojowe mieszkanie w ?r¢dmie?ciu,4-room apartment in ?r¢dmie?cie
453,2 pokojowe mieszkanie blisko centrum,2-room apartment close to the center
454,Fordon. Nowoczesne osiedle w otoczeniu zieleni!!,Fordon. A modern housing estate surrounded by greenery!!
455,2-pok. Os.Zawadzkiego- REZERWACJA,2-room Os.Zawadzkiego - RESERVATION
456,Gotowa Inwestycja! 4 pokoje z dwoma balkonami,Ready Investment! 4 rooms with two balconies
457,52 m2 - 3 pokoje do generalnego remontu,52 m2 - 3 rooms needing general renovation
458,Rolnicza 54 M2,Rolnicza 54 M2
459,"3 pokoje, Gara?, Triton Park, ul. Gr¢jecka","3 rooms, Garage, Triton Park, ul. Gr¢jecka"
460,Mieszkanie - Rumia,Apartment - Rumia
461,2 pokoje/po remoncie/1 pi?tro/blisko Politechniki,2 rooms/after renovation/1st floor/close to the University of Technology
462,Zawodzie | Nowe Budownictwo | Du?y Balkon,Profession | New Construction | Big balcony
463,Super inwestycja- idealna pod Booking,Great investment - perfect for Booking
464,3 pokoje/gara?/dzia?ka rekreacyjna/Rataj¢w,3 rooms/garage/recreational plot/Rataj¢w
465,"Gotowe mieszkanie 58 m2, 4 pokoje z aneksem kuch.","Ready-made apartment 58 m2, 4 rooms with kitchenette."
466,Stargard - gotowiec! Miejsce post. + pom. gosp. w,Stargard - ready! Post place. + room farm In
467,Ostatni wolny segment domu w promocyjnej cenie !,Last available house segment at a promotional price!
468,"Eleganckie 2 pokoje ul. Hlonda, Ostoja Wilan¢w","Elegant 2 rooms ul. Hlonda, Ostoja Wilan¢w"
469,37 M2 - dwa pokoje - dla studenta,37 M2 - two rooms - for a student
470,39m2/Mokot¢w/z mo?liwo?ci? przerobienia na 3 pok.,39m2/Mokot¢w/with the possibility of converting into 3 rooms.
471,W pe?ni wyposa?one - Bezpo?rednio,Fully equipped - Directly
472,Pi?sudskiego/centrum/inwestycja/3pok./Roi 12%/top!,Pi?sudskiego/center/investment/3 rooms/Roi 12%/top!
473,Mieszkanie - Warszawa Mokot¢w Dolny,Apartment - Warsaw Mokot¢w Dolny
474,Nowy apartament z ogrodem w Je?owie Sudeckim,New apartment with a garden in Je?¢w Sudecki
475,2 pokoje du?y balkon w KREDYCIE 0% ostatnia szansa,"2 rooms, large balcony, 0% CREDIT, last chance"
476,Mieszkanie w TOP lokalizacji pod wynajem!,Apartment in a TOP location for rent!
477,Trzypokojowe mieszkanie przy ul. Obywatelskiej,Three-room apartment at ul. Civic
478,"KRZYKI, 2 pokoje, Po Generalnym Remoncie","KRZYKI, 2 rooms, After General Renovation"
479,2-pokojowe z widokiem na Bia?k?,2-room apartment with a view of Bia?ka
480,Mieszkanie z tarasem,Apartment with terrace
481,"4 pokoje, obok stacji Pkp, dobry dojazd do centrum","4 rooms, next to the railway station, good access to the center"
482,"Dom W?grzce, fotowoltaika i pompa ciep?a","House W?grzce, photovoltaics and heat pump"
483,"Mieszkanie na sprzeda?, 64.84mý, Krapkowice, Otm","Apartment for sale, 64.84mý, Krapkowice, Otm"
484,Zamkni?te osiedle 68m2 Strykowska ARTE PREMIUM,Gated housing estate 68m2 Strykowska ARTE PREMIUM
485,Top! Zab?ocie M4 z Balkonem blisko Centrum,Top! Zab?ocie M4 with a balcony close to the center
486,Ciche i jasne mieszkanie z ogr¢dkiem,Quiet and bright apartment with a garden
487,"2 pokoje, Centrum, balkon, gara? w cenie,","2 rooms, center, balcony, garage included in the price,"
488,BRZEZINA Toru? Dom dla rodziny -Rewelacyjna Jako??,BRZEZINA Toru? House for a family - Fantastic quality
489,Wi?lany Mokot¢w | 3 pokoje | wsch¢d-po?udnie,Wi?lany Mokot¢w | 3 rooms | east-south
490,"Mieszkanie na parterze, w pobli?u portu.","Apartment on the ground floor, near the port."
491,Mieszkanie z miejscem postojowym parter blisko Umk,"Apartment with parking space on the ground floor, close to Umk"
492,SzeregDobrzykowiceWszystkieMediaBogatyStandard,SzeregDobrzykowiceAllMediaRichStandard
493,Gotowe koniec 2024 ?3 balkony ? Naro?ne ? HIT ?ENG,Ready end of 2024 ?3 balconies ? Corner ? HIT ?ENG
494,Apartament Nad Jeziorem Kisajno,Apartment By Lake Kisajno
495,Mieszkanie ca?kowicie wyposa?one 54 mý,Fully equipped apartment 54 mý
496,"Blisko Wis?y i centrum Zab?ocie | 2 pok. | 39,14 M",Close to the Vistula River and the center of Zab?ocie | 2 rooms | 39.14 M
497,Jasne 3 pok. w Garnizonie z miejscem parkingowym,Bright 3 rooms in the Garrison with a parking space
498,Przestronne * Blisko Metra * Loggia * Wola,Spacious * Close to the Metro * Loggia * Wola
499,??Mieszkanie 2-pokojowe z pi?knym widokiem! ??,??2-room apartment with a beautiful view! ??
500,Apartament inwestycyjny nad zalewem zegrzy?skim,Investment apartment by the Zegrze Reservoir
501,"Mieszkanie na sprzeda?, 6 pokoi, ogr¢d","Apartment for sale, 6 rooms, garden"
502,Dwa mieszkania w cenie 750 000 z? Lwowska/Rzesz¢w,"Two apartments for PLN 750,000 Lwowska/Rzesz¢w"
503,Dom na Jarotach w zabudowie szeregowej,A terraced house in Jaroty
504,Oddanie 2024 r -> 3 pokoje 54 m2 ! ul. D?bicka !!!,Completion in 2024 -> 3 rooms 54 m2! street D?bicka!!!
505,?wietna okazja 3 pokoje ul. Marsza?kowska,Great opportunity 3 rooms ul. Marsza?kowska
506,Lokal typu studio w Bia?ej Dolinie,Studio space in Bia?a Dolina
507,"Mieszkanie 3 - pokojowe 62,3 m2 , pi?tro 3/4","3-room apartment 62.3 m2, floor 3/4"
508,P?ock Synagogalna apartament w sercu Starego Miast,P?ock Synagogalna apartment in the heart of the Old Town
509,"Mieszkanie 3 pok. Tuwima 14, I pi?tro widok na Rod","3-room apartment Tuwima 14, 1st floor, view of Rod"
510,Komfortowe mieszkanie z gara?em Krotoszyn,Comfortable apartment with garage Krotoszyn
511,"Wieliczka | nowe | 116,80 m2 | odbi¢r 06.2024 !",Wieliczka | new | 116.80 m2 | collection 06/2024!
512,Bez prowizji!!! Mieszkanie dla rodziny z ogrodem,Without commission!!! Apartment for a family with a garden
513,Rozk?adowe 2-pokojowe mieszkanie - pi?kny widok,Arranged 2-room apartment - beautiful view
514,"Sprzedam, mieszk. 45m2, trzy pok/kuch/?az, I pi?tr","For sale, resident 45 m2, three rooms/kitchen/bathroom, 1st floor"
515,Dwupokojowe mieszkanie Krasnystaw,Two-room apartment Krasnystaw
516,Przytulne studio z balkonem 50m od morza.,Cozy studio with a balcony 50 m from the sea.
517,"Mieszkanie, 41 mý, ?¢d?","Apartment, 41 mý, ?¢d?"
518,Luksusowe mieszkanie z ogr¢dkiem,Luxurious apartment with a garden
519,"M3 w centrum Gliwic po remoncie,niskie op?aty","M3 in the center of Gliwice after renovation, low fees"
520,Nowe 3 pokojowe mieszkanie,New 3-room apartment
521,M3 na sprzeda? Widzew-Zarzew,M3 for sale Widzew-Zarzew
522,2-pokojowe mieszkanie w cichej i spokojnej okolicy,2-room apartment in a quiet and peaceful area
523,Apartament w Rawiczu - Pi?sudskiego/Ko?ciuszki,Apartment in Rawicz - Pi?sudskiego/Ko?ciuszko
524,mieszkanie 2 pokoje balkon dobra lokalizacja,apartment 2 rooms balcony good location
525,Wyremontowane mieszkanie z tarasem i ogr¢dkiem,Renovated apartment with a terrace and garden
526,Mieszkanie Wieniawskiego 55 m2 dost?pne od zaraz,Wieniawski's apartment 55 m2 available immediately
527,Inwestycyjne Mieszkanie 2 - Pokojowe,Investment Apartment 2 - Room
528,Ostatnie mieszkania w PRZEDSPRZEDA?Y! 3 Pokoje,Last apartments on PRE-SALE! 3 rooms
529,KREDYT 0% Salon i 3 sypialnie 2 ?azienki 2 balkony,"CREDIT 0% Living room and 3 bedrooms, 2 bathrooms, 2 balconies"
530,Apartament Ma?lice kameralny budynek WIELKI TARAS,"Ma?lice Apartment, an intimate building, GREAT TERRACE"
531,Gotowe do wprowadzenia 2 pokoje centrum E?ku IIp.,"2 rooms ready to move into the center of E?k, II floor."
532,"2pok, balkon, gara?, Wilan¢w","2 rooms, balcony, garage, Wilan¢w"
533,Najta?sze Oferty + Klucze na JU? + M.Gara?owe !,Cheapest Offers + Keys NOW + Garage Storage!
534,"Mieszkanie 3-pokojowe do remontu, ul. Ko???taja 9","3-room apartment for renovation, ul. Ko???taja 9"
535,Gotowiec inwestycyjny - Centrum Wroc?awia,Investment facility - Center of Wroc?aw
536,?2-Pokoje Jemio?uszki 45m2?,?2-Waxwing Rooms 45m2?
537,"POD LASEM 68,51mý +BALKON 5,84mý +m. parkingowe",UNDER THE FOREST 68.51 mý + BALCONY 5.84 mý + m. parking
538,"Przestronne M4 z loggi?, os. Pi?kna. Polecamy!","Spacious M4 with a loggia, pers. Beautiful. We recommend!"
539,Mieszkanie po generalnym remoncie na Iwaszkiewicza,Apartment after general renovation in Iwaszkiewicza Street
540,"Mieszkanie, 50 mý, Radom","Apartment, 50 mý, Radom"
541,Bardzo ?adny du?y dom w centrum Kamionek!,Very nice large house in the center of Kamionki!
542,Sprzedam Mieszkanie 2 pok.,2-room apartment for sale.
543,Nowa cena! 74 m2 Wroc?aw Le?nica,New price! 74 m2 Wroc?aw Le?nica
544,Okolice ul. Odkrywc¢w Lux/Park/Antresola,Around the street Explorers Lux/Park/Mezzanine
545,Dwupoziomowe mieszkanie osiedle Willa Park Gdynia,Two-level apartment in the Willa Park Gdynia estate
546,Przestronna kawalerka przy Przybyszewskiego!,Spacious studio apartment at Przybyszewskiego!
547,Mieszkanie Dzielnica Kielczanka II,Apartment Kielczanka II District
548,Plac Wolno?ci: 2 pokojowy apartament inwestycyjny,Plac Wolno?ci: 2-room investment apartment
549,Widokowa willa | 50 ar | 400 m2| Droginia brak PCC,View villa | 50 ares | 400 m2| Droginia no PCC
550,Apartament wakacyjny nad morzem,Holiday apartment by the sea
551,Fordon. Nowoczesne osiedle w otoczeniu zieleni!!,Fordon. A modern housing estate surrounded by greenery!!
552,Rynek*Garderoba*Klimatyzacja*Gotowiec Inwestycyjny,Market * Wardrobe * Air conditioning * Investment ready
553,Trzy pokojowe mieszkanie blisko PKP,Three-room apartment close to the railway station
554,"4 POKOJE/ 2 PI?TRO/os R?bin/72,83m2/du?a LOGGIA",4 ROOMS/2nd FLOOR/person R?bin/72.83m2/large LOGGIA
555,2 pokoje 38m2 Niepodleg?o?ci/Kalinowszczyzna,2 rooms 38m2 Niepodleg?o?ci/Kalinowszczyzna
556,REZERWACJA,RESERVATION
557,Mieszkanie dwupokojowe Os. Nad Potokiem,"Two-room apartment, Os. Nad Potokiem"
558,3 pok. Stan Deweloperski S?awin 1pi?tro Apartament,"3 rooms Developer status S?awin, 1st floor Apartment"
559,"Mieszkanie 2-pok. 50,5 m2",2-room apartment 50.5 m2
560,Ogr¢d i Taras 57M2!!!***Gotowe Do Odbioru***3 pok.,Garden and Terrace 57M2!!!***Ready for Collection***3 rooms
561,Idealna kawalerka dla singla lub pary,Perfect studio apartment for a single or a couple
562,Przestronne Mieszkanie 3 pokoje Bukowno 60m2,"Spacious apartment, 3 rooms, Bukowno, 60m2"
563,Mieszkanie dla Rodziny w stanie deweloperskim Feli,Apartment for a family in developer's standard Fela
564,"Ul. Rejtana wysoki parter, cztery pokoje,","Street Rejtana, high ground floor, four rooms,"
565,Sztutowo Blisko Morza,Sztutowo Close to the Sea
566,Po remoncie blisko Uniwersytetu Swps i Metra,"After renovation, close to SWPS University and Metro"
567,"2 pokoje 40 m2 , ciche , s?oneczne Bemowo","2 rooms 40 m2, quiet, sunny Bemowo"
568,Luksusowy Apartament W Centrum Kielc Sienkiewicza,Luxurious Apartment in the Center of Kielce Sienkiewicza
569,"LUX nowe M2, balkon, piwnica, gara?-Olimpia Port","LUX new M2, balcony, basement, garage - Olimpia Port"
570,"Tylko u Nas atrakcyjny, wolnostoj?cy dom PRZYJA??","Only with us, an attractive, detached house FRIENDSHIP"
571,3 pokoje| Osobna Kuch.| 2 Niezalezne Parkingi,3 rooms| Separate Kitchen | 2 Independent Parking Lots
572,Mieszkanie 6-pokojowe Gryfino,6-room apartment in Gryfino
573,Bemowo. 3 pokoje. Balkon. Os. zamkni?te.,Bemowo. 3 rooms. Balcony. Housing estate closed.
574,Nowe 2 pokoje DODATKOWE rabaty na Dni OTWARTE,New 2 rooms ADDITIONAL discounts for OPEN DAYS
575,Antresola + du?y balkon i okna,Mezzanine + large balcony and windows
576,5 pokoi w centrum O?arowa,5 rooms in the center of O?ar¢w
577,"Wysoki standard,budynek z 2024,winda,2 pokoje,balk","High standard, building from 2024, elevator, 2 rooms, balcony"
578,Gotowe do wej?cia /OKAZJA,Ready to go in / OPPORTUNITY
579,Nowa Cena - Pi?kne mieszkanie 3 pok. na ???ycy,New Price - Beautiful 3-room apartment. in ???yca
580,Lsm 3 pok. ul. Wajdeloty,Lsm 3 rooms street Wajdeloty
581,Szczecin - 3 pokojowy apartament nad Odr?,Szczecin - 3-room apartment on the Oder River
582,"Miasteczko Akademickie, os. Piastowskie, Lsm","Miasteczko Akademickie, os. Piastowskie, Lsm"
583,Na sprzeda? trzypokojowe mieszkanie na ul. Palacza,Three-room apartment for sale on ul. Smoker
584,"Mieszkanie, 62 mý, Krak¢w","Apartment, 62 mý, Krak¢w"
585,"2 pokoje, balkon - II ETAP","2 rooms, balcony - STAGE II"
586,"Nowa Cukrownia, Gumie?ce: 2 pokoje+piwnica","Nowa Cukrownia, Gumie?ce: 2 rooms + basement"
587,KAWALERKA inwestycyjnie zadzwo? odlicz VAt Rabaty,"STUDIO ROOM for investment purposes, call us, deduct VAT Discounts"
588,Gotowe mieszkania! Ju? w sprzeda?y!,Ready apartments! Now on sale!
589,"3-pokojowe mieszkanie 46,4m2 + balkon Bezpo?rednio",3-room apartment 46.4 m2 + balcony Directly
590,3 pokoje | Dwupoziomowe | Garderoba | Zadbane,3 rooms | Duplex | Wardrobe | Well-kept
591,"Mistrzejowice, Nowy etap inwestycji, 4 pokoje","Mistrzejowice, New stage of the investment, 4 rooms"
592,Nowoczesne mieszkanie w dzielnicy Grzeg¢rzki,A modern apartment in the Grzeg¢rzki district
593,"Dom, Zastawki, Chodel, 30 min od Lublina,","House, Zastawki, Chodel, 30 minutes from Lublin,"
594,Blisko morza i pla?y. Winda. Balkon. Niski czynsz!,Close to the sea and beach. Elevator. Balcony. Low rent!
595,3 pokoje widokowe bardzo dobra lokalizacja,"3 viewing rooms, very good location"
596,4-pokojowe mieszkanie z ogrodem - 200 m2,4-room apartment with garden - 200 m2
597,Komfortowe 91 m2 z gara?em w cenie!,Comfortable 91 m2 with garage included in the price!
598,"Nowa Cena 2-pokojowe, ul. Lipowa, Koch?owice!","Nowa Cena 2-room, ul. Lipowa, Koch?owice!"
599,Mieszkanie - Pruszcz Gda?ski,Apartment - Pruszcz Gda?ski
600,Szczecin - pi?kne mieszkanie z widokiem na park,Szczecin - beautiful apartment with a view of the park
601,Gotowe 2pok_Wielka Wyprzeda?_Bepo?rednio_Got¢wka,Ready 2pok_Big Sale_Direct_Cash
602,Nowowiejska/Piastowska 126 m2/4 pokoje/I pi?tro,Nowowiejska/Piastowska 126 m2/4 rooms/1st floor
603,"2 pok.w centrum, r¢wnie? na biuro","2 rooms in the center, also for an office"
604,"Mieszkanie na sprzeda?, 3-pokojowe, 59.99 m2","Apartment for sale, 3-room, 59.99 m2"
605,Sprzedam mieszkanie M4 -bezpo?rednio Widzew,I will sell an apartment M4 - directly in Widzew
606,Osiedle Przedwio?nie - gotowe do zakupu! (15),Osiedle Przedwio?nie - ready for purchase! (15)
607,Sady ?oliborskie / 74m/ 6p/ dwie kom¢rki/ gara?,Sady ?oliborskie / 74 m / 6 floor / two rooms / garage
608,Sopot Dolny | Stylowe wyko?czenie | 1. pi?tro,Sopot Dolny | Stylish finish | 1st floor
609,S?oneczne mieszkanie na parterze,Sunny apartment on the ground floor
610,Pierwsze pi?tro. Dzielnica Muzyczna. Gotowe,First floor. Music District. Ready
611,Odnawialne ?r¢d?a Energi w standardzie OKAZJA,Renewable Energy Sources in the CHANCE standard
612,Wyremontowane 2 pokoje przy ul. Gajowej,Renovated 2 rooms at ul. Gajowa
613,Przestronny Apartament W Rybniku- Blisko Centrum!,Spacious Apartment in Rybnik - Close to the Center!
614,"Studio || Stary ?oliborz | ceg?a | 2,7 m wysoko?ci",Studio || Stary ?oliborz | brick | 2.7 m high
615,Apartament 2pokoje panoramiczny widok Mi?dzyzdroje,2-room apartment with panoramic view of Mi?dzyzdroje
616,"Nowa Cena! 2 Pokoje Kozieg?owy Os. Le?ne,","New price! 2 Rooms Kozieg?owy Os. Le?ne,"
617,Letnia Obni?ka Ceny/Mieszkanie Do Remontu,Summer Price Reduction/Apartment Needs Renovation
618,Nowe|1 lub 2 Pokoje| 3 Pi?tro | 28.48m2 + Balkon,New|1 or 2 Rooms| 3rd Floor | 28.48m2 + Balcony
619,mieszkanie jakich ma?o - Sukienna,an apartment like no other - Sukienna
620,"Mieszkanie 57,69 m2 - 3 pokoje dost?pne od zaraz",Apartment 57.69 m2 - 3 rooms available immediately
621,Sprzedam Mieszkanie,I will sell a flat
622,Apartament 3 pokoje z balkonem. BEZ PODATKU,Apartment 3 rooms with balcony. WITHOUT TAX
623,Trzy pokojowe mieszkanie w ?wietnej cenie!,Three-room apartment at a great price!
624,"BONEROWSKA8,Ekskluzywny apart,153mý,St.Miasto,bezp","BONEROWSKA8,Exclusive apartment,153mý,St.Miasto,safe"
625,Rozk?adowe 3 pok. w ?wietnej cenie! Niskie op?aty!,Scheduled 3 rooms at a great price! Low fees!
626,Nowoczesny apartament w centrum Krakowa,A modern apartment in the center of Krakow
627,Przestronne mieszkanie na parterze NOWA CENA !!!,Spacious apartment on the ground floor NEW PRICE!!!
628,? Ma?lice ?4 pok. ?Nowe ?Gotowe ?Taras ?Winda ?0%,? Ma?lice ? 4 rooms ?New ?Ready ?Terrace ?Elevator ?0%
629,Mieszkanie na Sprzeda?,Apartment for Sale
630,Dobra cena | Naro?ne | Zadzwo? ju? dzi? | Okazja,Good price | Corner | Call today | Opportunity
631,4-pokojowe mieszkanie Kleosin z widokiem z okna,4-room apartment in Kleosin with a view from the window
632,Apartamenty Vistula | apartament W_1,Vistula Apartments | apartment W_1
633,Tu mo?esz mieszka? i pracowa? - Wilkowice,You can live and work here - Wilkowice
634,"Wyj?tkowe, ?adne 3 pokoje z balkonem na I pi?trze.","Unique, nice 3 rooms with a balcony on the first floor."
635,"Os Europejskie, Dwa mieszkania, Inwestycja, 162 m2","Os Europejskie, Two apartments, Investment, 162 m2"
636,"Mieszkanie 60 m2, dwupokojowe, centrum, Je?ycka 38","Apartment 60 m2, two-room, center, Je?ycka 38"
637,Mieszkanie w centrum po generalnym remoncie,Apartment in the center after general renovation
638,Dom 160m dzia?ka 6ar Sosnowa Mielec,"House 160 m, plot 6 ares, Sosnowa Mielec"
639,Tatra Square Residence | Apartament LB17,Tatra Square Residence | Apartment LB17
640,Sprzedam Redycka Wroc?aw bez po?rednik¢w,Redycka Wroc?aw for sale without intermediaries
641,Du?e 3 pokoje/ widok na ziele?/ przestronne wn?trz,Large 3 rooms/view of the greenery/spacious interior
642,Mieszkanie w budynku ok. Wyspy M?y?skiej,Apartment in a building near M?y?ska Island
643,TOP LUX Atal Francuska Park 2 pokoje Muchowiec,TOP LUX Atal Francuska Park 2 rooms Muchowiec
644,3 pokoje du?y balkon osiedle Juliusz,"3 rooms, large balcony, Juliusz estate"
645,gotowa inwestycja,ready investment
646,"Gotowe M4, nowy blok, Gda?ska, blisko Filharmonii","Ready M4, new block of flats, Gda?sk, close to the Philharmonic"
647,"Mieszkanie, 64 mý, Warszawa","Apartment, 64 mý, Warsaw"
648,Mieszkanie z klimatem w kamienicy z 1932r,An apartment with atmosphere in a tenement house from 1932
649,Ok.Manufaktury??2 pokoje??Ten rok??Gara? 10 tys??,Ok.Manufaktury??2 rooms??This year??Garage 10 thousand??
650,"Przytulna kawalerka, 20m2, os. Krakowiak¢w","Cozy studio apartment, 20 m2, pers. Krakowiacy"
651,"3 pokoje, mc.postojowe- nowe budownictwo","3 rooms, parking space - new construction"
652,INWESTYCYJNE - 2 pokoje z kuchni? D?browa,INVESTMENT - 2 rooms with kitchen D?browa
653,Nietuzinkowe mieszkanie z pi?knym tarasem,A unique apartment with a beautiful terrace
654,"Metro, 2 pokoje, ogr¢d i taras","Metro, 2 rooms, garden and terrace"
655,Gotowiec inwestycyjne,Investment ready
656,"Wilan¢w, mieszkanie z ogr¢dkiem, bezpo?rednio","Wilan¢w, apartment with a garden, directly"
657,Bez prowizji Nowy dom od w?a?ciciela Cz?stochowa .,No commission New house from the owner Cz?stochowa.
658,Green Mountain Resort z miejscem postojowym,Green Mountain Resort with parking space
659,"25 pi?tro, klimatyzacja, widok na Centrum JEDYNE","25th floor, air conditioning, view of the JEDYNE Center"
660,Inwestycja pod wynajem po remoncie Rury,Investment for rent after renovation of Pipe
661,Dom w G¢rach,House in the mountains
662,Nowy blok w centrum 6238 m2 Promocja Wiosenna,New block in the center 6238 m2 Spring Promotion
663,Mieszkanie 105 m2 przy Parku Bydgoskim,Apartment 105 m2 near Bydgoski Park
664,Wzg¢rze Hugona | Wygodne Mieszkanie K.2.04,Hugh's Hill | Comfortable Apartment K.2.04
665,Nowe mieszkania deweloperskie.,New developer apartments.
666,Katowice Ligota mieszkanie z panoram? na miasto,Katowice Ligota apartment with a panorama of the city
667,"Wolnostoj?cy dom dla du?ej rodziny, Gniewkowo","Detached house for a large family, Gniewkowo"
668,"Obro?c¢w Westerplatte, 2 pokoje","Defenders of Westerplatte, 2 rooms"
669,Mieszkanie 3 pokojowe ul. Kr¢lowej Jadwigi S?upsk,3-room apartment ul. Queen Jadwiga S?upsk
670,"Strych, poddasze w sercu Starego Podg¢rza, 158m2","Attic, attic in the heart of Stare Podg¢rze, 158m2"
671,Mieszkanie 1-pokojowe ul. Jeleniog¢rska,1-room apartment ul. Jelenia G¢ra
672,Wyj?tkowa cena na Rotmance,Exceptional price on Rotmance
673,Luksusowy Apartament w inwestycji G¢rska 32.,Luxurious apartment in the G¢rska 32 investment.
674,Wyj?tkowa inwestycja w Rumii,A unique investment in Rumia
675,"Mieszkanie na sprzedaz Walbrzych, piaskowa gora","Apartment for sale Walbrzych, Sandowa G¢ra"
676,Zadbane mieszkanie w ?wietnej cenie!,A well-kept apartment at a great price!
677,3 pokoje | Dobra lokalizacja | Park w Centrum,3 rooms | Good location | Park in the Center
678,Dom w zabudowie bli?niaczej pow. 161 m2,"Semi-detached house, area 161 m2"
679,Inwestycja-Wynajete 2 mieszkania-1450zl/ miesiac,"Investment - 2 apartments rented - PLN 1,450/month"
680,"M4 w?r¢d zieleni, po remoncie, dobra lokalizacja","M4 among greenery, after renovation, good location"
681,Sprzedam 89m2 lub zamieni? na mniejsze z dop?at?,I will sell 89 m2 or exchange it for a smaller one with an additional fee
682,Apartamenty Podedworze,Podedworze Apartments
683,Na sprzeda? pi?kne mieszkanie w ?wieciu!,Beautiful apartment for sale in ?wiecie!
684,"Centrum Naramowic, 200 metr¢w do tramwaju!","The center of Naramowice, 200 meters to the tram!"
685,"Warszawa, Praga Po?udnie, 2 pok nowe","Warsaw, Praga Po?udnie, 2 new rooms"
686,"Mieszkanie o pow. 66,16 m2 przy ul. W.Pola",Apartment with an area of 66.16 m2 at ul. W.Pola
687,Pi?kne i stylowe 3pok - Centrum - 200m od Mot?awy,Beautiful and stylish 3-room apartment - Center - 200 m from Mot?awa
688,"2 pok. osobna kuchnia,balkon, gara? podziemny","2 rooms separate kitchen, balcony, underground garage"
689,"3 pokoje ul. Grzybowa, Legionowo KLIMATYZACJA!","3 rooms ul. Grzybowa, Legionowo AIR CONDITIONING!"
690,Okazja inwestycyjna ! Kamienica- Sopot,Investment opportunity! Tenement house - Sopot
691,Dom na sprzeda? 90 m2 na dzia?ce 6400m2 Ruszkowiec,House for sale 90 m2 on a plot of 6400 m2 Ruszkowiec
692,"65,33m2-parter/0%PCC/3 Pokoje/BONA II",65.33 m2 - ground floor/0%PCC/3 rooms/BONA II
693,Zab?ocie 2 pok wyko?czone umeblowane od r?ki Mpec,Zab?ocie 2 rooms finished and furnished immediately Mpec
694,M4 na parterze,M4 on the ground floor
695,"? 50m2 2 pok. blisko centrum, balkon, bezpo?rednio","? 50m2 2 rooms close to the center, balcony, directly"
696,"Mieszkanie komfortowe, gotowe do zamieszkania.","Comfortable apartment, ready to move in."
697,61m2 do remontu | Du?y ogr¢d | Piwnica | Gara?,61m2 for renovation | Large garden | Basement | Garage
698,2 pokoje z balkonem i wyposa?eniem,2 rooms with balcony and equipment
699,Luksusowe mieszkanie nad morzem z widokiem na port,Luxurious apartment by the sea with a view of the harbor
700,"Modesta II Etap, 3 pokoje, ostatnie pi?tro, B4M27","Modesta II Stage, 3 rooms, top floor, B4M27"
701,"Sprzedam mieszkanie 50,40m2 na Osiedlu Lotnisko",I am selling an apartment of 50.40 m2 in the Lotnisko housing estate
702,Nowoczesny loft na sprzeda? na zamkni?tym osiedlu,Modern loft for sale in a gated community
703,"?¢d?, umeblowane, po remoncie, 2 pokoje-475.000pln","?¢d?, furnished, renovated, 2 rooms - PLN 475,000"
704,?liczne nowoczesne mieszkanie 2 Pok balkon piwnica,"Beautiful modern apartment, 2 rooms, balcony, basement"
705,"Warzymice - Irysowa, trzypokojowe - 65m2","Warzymice - Irysowa, three-room apartment - 65m2"
706,Targ¢wek - Mieszkanie gotowe do odbioru,Targ¢wek - Apartment ready for collection
707,"M3 z widokiem|Gara?, kom¢rka, tramwaj|Partynice","M3 with a view|Garage, storage room, tram|Partynice"
708,"apartament nad morzem z 2023r. D?bina, 29m2","apartment by the sea from 2023 D?bina, 29m2"
709,"Panorama na Warszaw?, Mokot¢w kawalerka","Panorama of Warsaw, Mokot¢w, studio apartment"
710,Pi?kne mieszkanie 3 pokoje + oddzielna kuchnia,Beautiful apartment with 3 rooms + separate kitchen
711,Dom na sprzeda? Katowice Kostuchna ul. ?elenskiego,House for sale Katowice Kostuchna ul. ?elenski
712,EN DE Gotowe Apartamenty 146 m Swoszowice centrum,EN DE Ready Apartments 146 m Swoszowice city center
713,Nowoczesne apartamenty Blachownia - II etap,Modern Blachownia apartments - stage II
714,"Nowe 56,5m2/ kompleksowo zrewitalizowana kamienica",New 56.5 m2/comprehensively revitalized tenement house
715,Idealne pod wynajem. Bez prowizji. Co miejskie.,Perfect for rent. Without commission. What's urban.
716,Apartamenty Piast¢w | mieszkanie 2-pok | B14,Piast¢w Apartments | 2-room apartment | B14
717,"Gotowy apartament z parkingiem, 100 M do pla?y!","Ready apartment with parking, 100 m to the beach!"
718,2 pok 59m2 balkon na bliskiej Woli do zamieszkania,2 rooms 59 m2 balcony for living in Wola district
719,Nowa Inwestycja! Zako?czenie Budowy IV Kw 2023!,New Investment! Construction Completion Q4 2023!
720,3 pok z ogr¢dkiem w kameralnej inwestycji,3 rooms with a garden in an intimate investment
721,Dom przy lesie 286m dzia?ka 1600m2 gara? Zblewo,"House next to the forest, 286 m, plot 1,600 m2, garage Zblewo"
722,Trzypokojowe mieszkanie z du?? loggi?.Kar?owicza.,Three-room apartment with a large loggia.Kar?owicz.
723,okolice ul.lekcyjnej/nowe2023/rozk?ad,around ul.lekcyjna/nowe2023/rozklad
724,"Nowa oferta. Ogr¢dek, du?e okna. Kameralne","New offer. Garden, large windows. Intimate"
725,"Mieszanie z kom¢rk?, piwnic? i ogr¢dkiem","Mixing with a storage room, a basement and a garden"
726,"Mi?dzyzdroje Wave 2 pok. wyko?czone ""pod klucz""",Mi?dzyzdroje Wave 2 rooms finished turnkey
727,Mieszkania - Jawornica w PROMOCYJNEJ CENIE !!!,Apartments - Jawornica at a PROMOTIONAL PRICE!!!
728,Nowoczesne mieszkanie obok zalewu Bagry,A modern apartment next to the Bagry reservoir
729,Nowe 2-pokojowe mieszkanie Malta,New 2-room apartment Malta
730,"B. ?adne, przestronne 4 pok z ogrodem Stab?owice.","Very nice, spacious 4-room apartment with a garden, Stab?owice."
731,Ostatnie mieszkanie 2 pokojowe z ogrodem !,The last 2-room apartment with a garden!
732,2 pokoje ul. Sk?odowskiej w Centrum,2 rooms ul. Sk?odowska in the Center
733,Bardzo du?a dzia?ka/Atrakcyjna lokalizacja,Very large plot/Attractive location
734,2 pokoje do w?asnej aran?acji-?wietna lokalizacja,2 rooms to arrange yourself - great location
735,2 pokoje / 48.10m2 / Al. Ko?ciuszki / balkon,2 rooms / 48.10m2 / Al. Ko?ciuszki / balcony
736,Ole?nica,Ole?nica
737,2 pokoje / D?browskiego / parter / gara? / balkon,2 rooms / D?browskiego / ground floor / garage / balcony
738,Atrakcyjny Bli?niak Repty NOWA ODS?ONA,Attractive Repty Semi-Detached House NEW EDITION
739,Biskupin/ Kawalerka do remontu/Osobna sypialnia,Biskupin/Studio for renovation/Separate bedroom
740,Ciele. Dom. 5pokoi. Dzia?ka 860m2. Media.,Calf. House. 5 rooms. Plot 860m2. Media.
741,"Bezczynszowe 58,45 m2 D?browa G¢rnicza Rapackiego",Rent-free 58.45 m2 D?browa G¢rnicza Rapacki
742,Atrakcyjny apartament/idealny pod wynajem,Attractive apartment/ideal for rent
743,Ogrody Ludwik¢w - Apartament z Ogrodem C2,Ludwik¢w Gardens - Apartment with Garden C2
744,Atrakcyjne 3 pokojowe - os. Westerplatte.,Attractive 3-room apartment - pers. Westerplatte.
745,"B2- dwa pokoje, pomieszczenie gospodarcze+balkon","B2 - two rooms, utility room + balcony"
746,"Super LOKALIZACJA,s?oneczne, balkony-L18","Great LOCATION, sunny, balconies - L18"
747,Przytulne 2 pokoje | piwnica | Centrum | Szewska,Cozy 2 rooms | basement | Center | Szewska
748,Luksus blisko natury Ostoja Spokoju mieszkanie 6A!,Luxury close to nature Ostoja Spokoju apartment 6A!
749,Mieszkanie w kamienicy Pabianice centrum,Apartment in a tenement house in Pabianice city center
750,Mieszkanie Stary S?cz - Enklawa Staros?decka,Apartment Stary S?cz - Stary S?cz Enclave
751,3-Pokojowe mieszkanie/1 pi?tro/Centrum,3-room apartment/1st floor/Center
752,"Urokliwe DOMY SZEREGOWE pod lasem, ogr¢d, kominek","Charming terraced houses near the forest, garden, fireplace"
753,Bezpo?rednio. Orla 9. Kamienica. Parter.,Directly. Orla 9. Tenement house. Ground floor.
754,"Nowe mieszkania wyko?czone pod klucz, Osiedle Zwyc","New turnkey apartments, Osiedle Zwyc"
755,"Kobylnica, Atrakcyjne, Poszukiwane -Nowe 2 poziomy","Kobylnica, Attractive, Wanted -New 2 levels"
756,Dom.Komfort. Gniezno.Gotowe.,Home.Comfort. Gniezno.Ready.
757,2-pokojowe mieszkanie po remoncie blisko pla?y,"2-room apartment after renovation, close to the beach"
758,"Nowoczesna kawalerka 25,39 gratis piwnica, parking","Modern studio apartment PLN 25.39 free basement, parking"
759,"Mieszkanie, 107,77 mý, Klepacze","Apartment, 107.77 mý, Klepacze"
760,Cosmo | nowy apartament 3-pok. | M76,Cosmo | new 3-room apartment | M76
761,Nowe deweloperskie M4 Centrum + gara?,New development M4 Center + garage
762,Ni?sza cena!!! umeblowane mieszkanie w Kole woj. w,Lower price!!! furnished apartment in Ko?o province In
763,Niedaleko Wyspy M?y?skiej. Niestandardowe,Near Mill Island. Nonstandard
764,Lofty D?uga 2.0 - system p?atno?ci 20/80,Lofty D?uga 2.0 - 20/80 payment system
765,We?nowiec niskie budynki przy Parku ?l?skim,We?nowiec low buildings near the Silesian Park
766,"mieszkanie 62,79m2 4-pokoje Apartamenty SOHO",apartment 62.79 m2 4-room SOHO Apartments
767,"Mieszkanie, 39,64 mý, Kudowa-Zdr¢j","Apartment, 39.64 mý, Kudowa-Zdr¢j"
768,REZERWACJA! Dom energooszcz?dny w Suchym Lesie,RESERVATION! Energy-efficient house in Suchy Las
769,REZERWACJA!! Dom Marze? w Cenie Mieszkania-93m2,RESERVATION!! House of Dreams at the Price of an Apartment - 93 m2
770,"mieszkanie 54,26m2 3-pokoje Apartamenty SOHO",apartment 54.26 m2 3-room SOHO Apartments
771,Nowe domy w zabudowie bli?niaczej ju? gotowe !!,New semi-detached houses are ready!!
772,Mieszkanie 3 pokojowe Nysa ul. Pi?sudskiego,3-room apartment Nysa ul. Pi?sudski
773,"Mieszkanie 3-pokojowe, 76 m kw, Radom - Go??bi¢w 2","3-room apartment, 76 sq m, Radom - Go??bi¢w 2"
774,Du?a obni?ka!!! klimatyczne 2 pokoje w Centrum,Big discount!!! atmospheric 2 rooms in the center
775,"Mieszkanie, 39,88 mý, Bielsko-Bia?a","Apartment, 39.88 mý, Bielsko-Bia?a"
776,"Dwa pokoje na ?oliborzu, Blisko metra","Two rooms in ?oliborz, close to the metro"
777,Mieszkanie 3 pokojowe pod inwestycj? najmu,3-room apartment for rental investment
778,Dla rodziny stawiaj?cej na komfort i nowoczesno??,For a family that focuses on comfort and modernity
779,Dzia?y?skich 6. Presti?owy Adres (1.4),Dzia?y?skich 6. Prestigious Address (1.4)
780,Nowy Apartament ??Marmur Winda Parking TARAS ????,New Apartment ??Marble Elevator Parking TERRACE ????
781,"Mieszkanie, 51 mý, Cz?stochowa","Apartment, 51 mý, Cz?stochowa"
782,MOON Residence Apartament z widokiem na morze M9,MOON Residence Apartment with sea view M9
783,"Mieszkanie 3 pokoje, pow. 95 m2, gara?, ?rem.","Apartment 3 rooms, area 95 m2, garage, ?rem."
784,Mieszkanie 3 pokojowe na I pi?trze z wind? i balko,3-room apartment on the first floor with an elevator and balcony
785,*REZERWACJA* Mieszkanie 3-pokojowe Antoniuk,*BOOKING* 3-room apartment Antoniuk
786,"01 - Winda, rolety zewn., pod?og¢wka, klimatyzacja","01 - Elevator, external blinds, underfloor heating, air conditioning"
787,B. ?adne 1 pok w ?r¢dmiesciu.,Very nice 1 room in ?r¢dmie?cie.
788,Mieszkanie z og¢dkiem 3 pokojowe,3-room apartment with a garden
789,Mieszkanie w Sopocie blisko pla?y,Apartment in Sopot close to the beach
790,"Dom 75m z bala na dzia?ce 7a,Lubomy?l","Log house 75 m2 on plot 7a, Lubomy?l"
791,Dwa Niezale?ne Lokale/4 Pokoje/W super lokalizacji,Two Independent Premises/4 Rooms/In a great location
792,Kawalerka - leningrady.,Studio apartment - Leningrady.
793,"Mikrokawalerki Kamienica Zrewitalizowana ,10%RSO!!","Micro studios, Revitalized tenement house, 10% RSO!!"
794,S?oneczna Rezydencja | nowy apartament A39,Sunny Residence | new apartment A39
795,Du?e mieszkanie | Parter | Bezczynszowe,Large apartment | Ground floor | Rent-free
796,"Wysokie,przestronne mieszkanie w nowszym bloku !","High, spacious apartment in a newer block!"
797,2 pokoje z oddzieln? kuchni? - Jaroty,2 rooms with a separate kitchen - Jaroty
798,"Do?y M-3,niski blok- ciche miejsce, park.","Do?y M-3, low block - quiet place, park."
799,#Loftowy Designerski Apartament Blisko Morza#,#Loft Designer Apartment Near the Sea#
800,R e z e r w a C j a !!!,RESERVATION!!!
801,"Konin, Centrum - 36,20 m2 - 2 pokoje","Konin, Center - 36.20 m2 - 2 rooms"
802,"O?. Wieczorka, 2 pokoje, 2 pi?tro","Axis. Evening, 2 rooms, 2nd floor"
803,"Dwupoziomowe 100 m2, antresola, Nowe Miasto","Duplex 100 m2, mezzanine, Nowe Miasto"
804,Przestronny apartament z widokiem na las,Spacious apartment with a view of the forest
805,Ostatni apartament 3-pok / Du?y taras/ Antresola!,Last 3-room apartment / Large terrace / Mezzanine!
806,??ycie na wysokim poziomie: Mieszkanie z balkonem!,?Life at a high level: Apartment with a balcony!
807,>45m2 Szeroki Zakres | Nowe mieszkania |,>45m2 Wide Range | New apartments |
808,Mieszkanie do remontu z widokiem,Apartment for renovation with a view
809,"Nowa Guzikarnia | 1-2 pokojowe | 33,74 m2",New Button Shop | 1-2 rooms | 33.74 m2
810,"NOWE Mieszkanie, klimatyzacja, 2 miejsca postojowe","NEW Apartment, air conditioning, 2 parking spaces"
811,A.31 2-pokojowy apartament przy jeziorze Ukiel,A.31 2-room apartment by Lake Ukiel
812,Nowe - okolice Star¢wki! ?wietna inwestycja!,New - near the Old Town! Great investment!
813,Apartament ul. Nieca?a. 200m od Placu Litewskiego.,Apartment ul. Less than. 200m from Litewski Square.
814,"Nowe mieszkanie nad jeziorem- 2 pi?tro, winda","New apartment by the lake - 2nd floor, elevator"
815,Kawalerka na SPRZEDA? w Jaworznie! (Rezerwacja),Studio apartment for SALE in Jaworzno! (Reservation)
816,Apartament z 40 mkw. tarasem - 6 min. od morza!,Apartment with 40 sq m terrace - 6 min. from the sea!
817,"71,90mý+OGR?D 50mý+2 m.parkingowe-BEZCZYNSZOWE",71.90 mý + GARDEN 50 mý + 2 m. parking - RENT-FREE
818,super M-3 w centrum miasta,super M-3 in the city center
819,Du?e 2 pokoje 63m2 z loggi? Centrum / ?r¢dmie?cie,Large 2 rooms 63 m2 with a loggia Centrum / ?r¢dmie?cie
820,Rezerwacja,Reservation
821,Noworoczna cena - Parter domu,New Year's price - Ground floor of the house
822,Dom na sprzeda? Kwilcz,House for sale Kwilcz
823,Kamienica na Starym Mokotowie | 3 pokoje | 73 m2,Tenement house in Old Mokot¢w | 3 rooms | 73 m2
824,"Piaskowa Gora , Idealne dla rodziny , NISKI CZYNSZ","Piaskowa Gora, Perfect for a family, LOW RENT"
825,Przytulne 72m2 z balkonem w Miastku,Cozy 72 m2 with a balcony in Miastko
826,"PortaMare Dziwn¢w. Taras+Miejsce post. Basen,sauna","PortaMare Dziwn¢w. Terrace+posting space. Swimming pool, sauna"
827,?Atrakcyjny dom ? Stan deweloperski ? Sprawd? sam,?Attractive house ? Developer status ? Check it out for yourself
828,Ustawne 3 pokojowe w centrum Zabrza,A spacious 3-room apartment in the center of Zabrze
829,Symetria Park | dom nr 1A,Symetria Park | house no. 1A
830,"Mieszkanie 58,58 m 2 Bukowno k. Olkusza",Apartment 58.58 m 2 Bukowno near Olkusz
831,M2 Nieski Czynsz! Ciep?e i jasne mieszkanie Dombud,M2 Low Rent! Warm and bright Dombud apartment
832,"Apartament 58m2, 4 pokoje, Bezpo?rednio, 0% PCC","Apartment 58m2, 4 rooms, Directly, 0% PCC"
833,Sprzedam mieszkanie w Barczewie,I am selling an apartment in Barczewo
834,"Cichy, s?oneczny apartament w Juracie","Quiet, sunny apartment in Jurata"
835,Symetria Park | dom nr 3A,Symetria Park | house no. 3A
836,Dom Hygge Twin - Promocja - 40 000 Z? Rabatu!,"Hygge Twin House - Promotion - PLN 40,000 discount!"
837,Mieszkanie 50m2 G¢rzyskowo,Apartment 50m2 G¢rzyskowo
838,"GOTOWE, ostatnie 6p, M4 , ustawne , blisko Parku","READY, last 6p, M4, well-arranged, close to the Park"
839,Noworoczne ZNI?NKI >60m2 skorzystaj z MEGArabatu !,"New Year's DISCOUNTS >60m2, take advantage of the MEGA discount!"
840,"Apartament z gara?em 91,23m2 - Ornontowice!!",Apartment with garage 91.23 m2 - Ornontowice!!
841,"50,22 M2 Gd Jasie? - Odbi¢r Pa?dziernik 2024",50.22 M2 Gd Jasie? - Acceptance October 2024
842,"Klimatyczne mieszkanie w kamienicy, ?cis?e Centrum","Atmospheric apartment in a tenement house, close to the city center"
843,Nowe komfortowe z wind? i gara?em,"New, comfortable with an elevator and a garage"
844,Urz?dzone mieszkanie z ogrodem i gara?em- Pot?gowo,Furnished apartment with a garden and garage - Pot?gowo
845,Ostatni Dom 149mý| 12.3a | Surowy Zamkni?ty | Las,The Last House 149mý | 12.3a | Raw Closed | Forest
846,Kawalerka na Osiedlu Pod Platanami,Studio apartment in the Pod Platanami housing estate
847,Krak¢w - ?r¢dmie?cie - ul. Bema,Krak¢w - ?r¢dmie?cie - ul. Bema
848,"Luksusowe z pe?nym wyposa?eniem, nowy blok","Luxurious, fully equipped, new block of flats"
849,"3 pokoje, 60 M , Turkowskiego, Pieczewo","3 rooms, 60 m, Turkowskiego, Pieczewo"
850,"3 pokoje, oddzielnia kuchnia, balkon, Na Stoku","3 rooms, separate kitchen, balcony, Na Stoku"
851,Mieszkanie 3-pokojowe z ogr¢dkiem w Ochmanowie!,3-room apartment with a garden in Ochman¢w!
852,"3 rozk?adowe pokoje przy Umk, parking za szlabanem","3 planned rooms at Umk, parking behind a barrier"
853,Sprzedam mieszkanie,I will sell a flat
854,OSTATNIE+2xOgr¢d 17xTramwaj 3km od Star¢wki RABAT,LAST+2xGarden 17xTram 3km from the Old Town DISCOUNT
855,Mieszkanie Jar 3 pokoje 54 m2 Strobanda Promocja!!,Apartment Jar 3 rooms 54 m2 Strobanda Promotion!!
856,*** D&D INVESTMENT Apartament B 1.3 ***,*** D&D INVESTMENT Apartment B 1.3 ***
857,Dolina Szcz???ia Resort Przedspereda?ÿInwestycji,Dolina Szcz??cia Resort Pre-sale of the investment
858,Apartament 58m2 w nowym bloku ul. Braille'a,58m2 apartment in a new block of flats at ul. Braille
859,"Niedrogie Mieszkanie w Ko?obrzegu, 2 pokoje,A59","Inexpensive apartment in Ko?obrzeg, 2 rooms, A59"
860,REZERWACJA,RESERVATION
861,"Inwestycja, 3Pok Rozk?ad, Taras, Klima","Investment, 3-room layout, terrace, air conditioning"
862,Dom przy Lesie Micha?owskim,House near the Micha?owski Forest
863,Nowa Inwestycja! 54 m2 Z Ogrodem,New Investment! 54 m2 With Garden
864,Gotowe do zamieszkania ul. Piaskowa. Przy Arkadii,Ready to move in ul. Piaskowa. At Arkadia
865,Nowoczesne mieszkanie w nowym budownictwie.,Modern apartment in a new building.
866,"Super kawalerka, 40 m2, widok na Park Ocala?ych","Great studio apartment, 40 m2, view of the Survivors' Park"
867,BA?TYK SUN***** - kup wyj?tkowy apartament,BA?TYK SUN***** - buy a unique apartment
868,100m od morza - Apartament 32m2,100m from the sea - Apartment 32m2
869,"Bezpieczny kredyt 2%, Modesta, 3-pokojowe, M7","Secure loan 2%, Modesta, 3-room, M7"
870,"Mi?dzyzdroje,2pok37m2,taras15m2,1p,miejscepost,SPA","Mi?dzyzdroje, 2 rooms 37 m2, terrace 15 m2, 1 floor, parking space, SPA"
871,Nowy Reden | 45 M2 | BALKON,New Reden | 45 M2 | BALCONY
872,GOTOWE DOMY!! Podwy?szony standard deweloperski,READY HOUSES!! Increased development standard
873,"2 pok. jasne mieszkanie do aran?acji, bez prowizji","2 rooms bright apartment to arrange, no commission"
874,NOWY wyko?czony APARTAMENT 4 pokoje pi?kne miejsce,"NEW, finished APARTMENT, 4 rooms, beautiful place"
875,???Bardzo ?adny NOWY dom ?gm. N.Skalmierzyce ???,???Very nice NEW house ?gm. N.Skalmierzyce ???
876,BEZPO?REDNIO przy ul. Kraszewskiego 45 A bez PCC,DIRECTLY at ul. Kraszewskiego 45 A without PCC
877,Oddanie Czerwiec 2023 - Strefa Wodna / Sauny,Commissioning June 2023 - Water Zone / Saunas
878,Przestronne mieszkanieOsiedle Przy Parku W?oc?awek,Spacious apartmentOsiedle Przy Parku W?oc?awek
879,Mieszkanie na START z KREDYTEM 2 %,STARTER apartment with 2% LOAN
880,4 pokoje (78 m2) z widokiem na panoram? Gdyni,4 rooms (78 m2) with a panoramic view of Gdynia
881,Apartamenty nad morzem MIELNO-UNIE?CIE,Apartments by the sea MIELNO-UNIE?CIE
882,Ogr¢dek ! Blisko morze ! Dla rodziny!,Garden! Close to the sea! For family!
883,Blok 2 | Apartament 47 mý | Centrum | Windy,Block 2 | Apartment 47 mý | Center | Elevators
884,Cosmo | nowy apartament 2-pok. | M4,Cosmo | new 2-room apartment | M4
885,2-pi?trowy apartament z widokiem na Wawelÿ,2-story apartment with a view of Wawel Castleÿ
886,Mieszkanie do w?asnej aran?acji z miejscem parking,Apartment for your own arrangement with parking space
887,"Bezczynszowe, 35,50 mkw, Kruszyn, gm. W?oc?awek","Bezczynszowe, 35.50 sq m, Kruszyn, commune W?oc?awek"
888,2 pokoje z balkonem na II p.,2 rooms with a balcony on the 2nd floor.
889,"Budynek 600m2 mo?liwa adaptacja pod us?ugi, gastro","Building 600 m2, possible adaptation for services, gastronomy"
890,2 pokoje / gotowe do zamieszkania / ul. Klonowa,2 rooms / ready to move in / ul. Klonowa
891,"2 pokoje, parter, do remontu !","2 rooms, ground floor, for renovation!"
892,"Bezpo?rednio od dewelopera, bez prowizji","Directly from the developer, no commission"
893,Baltic Marina Wyj?tkowy apartament blisko morza,Baltic Marina A unique apartment close to the sea
894,Nowy Dwupokojowy Apartament Przy Parku ?l?skim,New two-room apartment near the Silesian Park
895,"2 mieszkania o pow. 156 m2, ul. Gda??ka, parking","2 apartments with an area 156 m2, ul. Gda?sk, parking lot"
896,Belzacka City Park I nowe mieszkanie A67,Belzacka City Park and new apartment A67
897,"B5-Winda, gara?, rolety, pod?og¢wka, klimatyzacja8","B5-Elevator, garage, blinds, underfloor heating, air conditioning8"
898,Blisko jeziora i Pkp! St?szew Strykowo,Close to the lake and railway station! St?szew Strykowo
899,Oddanie 2023/ATLANTIS widok Zegrza w dobrej cenie,Completion 2023/ATLANTIS view of Zegrze at a good price
900,Mieszkania w Zielonce - Apartamenty Vena !!,Apartments in Zielonka - Vena Apartments!!
901,Luksusowy 1 pokojowy apartament hotelowy,Luxurious 1-room hotel apartment
902,??? Kapitalne 2 pokojowe - 21 minut do W-wy A7_502,??? Great 2-room apartment - 21 minutes to Warsaw A7_502
903,"Mieszkanie, 108 mý, Polska Nowa Wie?","Apartment, 108 mý, Polska Nowa Wie?"
904,Gotowe do zamieszkania od zaraz!,Ready to move in immediately!
905,"Okulickiego Park III Etap 3 Pokoje 80,20 m 2 Taras",Okulickiego Park III Stage 3 Rooms 80.20 m 2 Terrace
906,"Bielsko-Bia?a, apartament z samodzielnym gara?em","Bielsko-Bia?a, apartment with a separate garage"
907,"Okulickiego Park III Etap 3 Pokoje 56,8 m 2",Okulickiego Park III Stage 3 Rooms 56.8 m 2
908,Atrakcyjny dom w Lubaniu,Attractive house in Luba?
909,Bulwar Krupniki - Apartament 15B,Krupniki Boulevard - Apartment 15B
910,"Gotowe do zamieszkania! klimatyzacja, taras, winda","Ready to move in! air conditioning, terrace, elevator"
911,Lokal z widokiem na Wis?? i miejscem postojowym,The premises overlook the Vistula River and have a parking space
912,"Okulickiego Park III Etap 54,8 m2",Okulickiego Park III Stage 54.8 m2
913,"2 pokoje, 55m2, kamienica, TYLKO 4.315z?/m2 !!!!","2 rooms, 55 m2, tenement house, ONLY PLN 4,315/m2!!!!"
914,"Luksusowe, przestronne mieszkanie z balkonem","Luxurious, spacious apartment with a balcony"
915,"Gotowy apartament z parkingiem, 100 M do pla?y!","Ready apartment with parking, 100 m to the beach!"
916,2 pokoje do remontu - Ostatni Grosz,2 rooms to be renovated - The Last Penny
917,Bli?niak z dzia?k? 1000m2!,Semi-detached house with a plot of 1000 m2!
918,2 pokoje + balkon + miejsce parkingowe - TARNIN?W.,2 rooms + balcony + parking space - TARNIN?W.
919,S?oneczne Uje?cisko - mieszkanie z hal? gara?ow?,S?oneczne Uje?cisko - apartment with a garage
920,0% | Norwida | Czelad? | 0% prowizji,0% | Norwid | Czelad? | 0% commission
921,Nowe mieszkanie-winda-gara?,New apartment-elevator-garage
922,Apartament | 2 Tarasy| 3 Parkingi| Blisko DT? i A4,Apartment | 2 Terraces| 3 Parking lots| Close to DT? and A4
923,M3 przy parku im. Legion¢w w ?odzi,M3 at the park. Legion¢w in ?¢d?
924,Nowe mieszkanie*Bezpo?redni*Bez PCC,New apartment*Direct*No PCC
925,Mieszkanie przy Parku Chopina - Miejsce Parkingowe,Apartment near Chopin Park - Parking space
926,Przytulne M-3 z balkonem Miedziana instalacja,Cozy M-3 with a balcony. Copper installation
927,Nowoczesny dom w zabudowie bli?niaczej,A modern semi-detached house
928,Polecam,I recommend
929,atrakcyjna kawalerka z du?ym potencja?em,attractive studio apartment with great potential
930,M3 w pi?knej okolicy na Zawodziu,M3 in a beautiful area in Zawodzie
931,**Przytulna Kawalerka**Niedaleko Zalewu Dojlidy**,**Cozy Studio Apartment** Near the Dojlidy Reservoir**
932,Komfortowe apartamenty w nowoczesnym wie?owcu,Comfortable apartments in a modern skyscraper
933,"Jasne, ustawne 2 pokoje z garderob? PRZEKONAJ SI?","Bright, well-arranged 2 rooms with a wardrobe. SEE FOR YOURSELF"
934,"Bemowo G¢rce- 3 pokoje, balkon","Bemowo G¢rce - 3 rooms, balcony"
935,"Budynek 2011r-3 windy,2 ?azienki, 3 pokoje, klima","Building 2011 - 3 elevators, 2 bathrooms, 3 rooms, air conditioning"
936,Mieszkanie 2 pokoje niskie op?aty,Apartment 2 rooms low fees
937,Ustawne 4-pokojowe mieszkanie Bia?o??ka,A well-arranged 4-room apartment in Bia?o??ka
938,Mieszkanie - Sopot Wy?cigi,Apartment - Sopot Racing
939,Dwa pokoje z loggi?,Two rooms with a loggia
940,"3 przytulne i funkcjonalne pokoje, Felin","3 cozy and functional rooms, Felin"
941,"Niska cena, Niskie Koszty, Wysokie Mo?liwo?ci!","Low Price, Low Costs, High Possibilities!"
942,Mieszkanie na sprzeda? w Lublin,Apartment for sale in Lublin
943,Nowe mieszkanie 2pok.urz?dzone pod klucz Nowa cena,"New 2-room apartment, turnkey. New price"
944,"Apartament inwestycyjny, ?l?ska 12 k/Skm, Ug!","Investment apartment, ?l?ska 12 k/Skm, Ug!"
945,"Na sprzeda? dom 6 pokoi, 220m2 Swarz?dz","House for sale, 6 rooms, 220m2 Swarz?dz"
946,"Mieszkanie z pi?knym widokiem Stogi, 2pokoje, 37m2","Apartment with a beautiful view of Stogi, 2 rooms, 37 m2"
947,"3 pokojowe Mieszkanie po remoncie 1 pi?tro, balkon","3-room apartment after renovation, 1st floor, balcony"
948,Kawalerka z klimatyzacj? przy Stadionie Narodowym,Studio apartment with air conditioning near the National Stadium
949,Mieszkanie na os. Kopernika w Jaros?awiu,Apartment on estate Copernicus University in Jaros?aw
950,3 pokojowe sp¢?dzielczo w?asno?ciowe z tarasem,3-room cooperative ownership with a terrace
951,Luksusowe mieszkania na Piaskowej G¢rze !!!!,Luxury apartments in Piaskowa G¢ra!!!!
952,10 Min do Pla?y! Niski Blok! ?azienka po Remoncie!,10 Minutes to the Beach! Low Block! Bathroom after renovation!
953,"Kawalerka 19,9 m2 + pom. gosp. blisko Che?m?y !",Studio apartment 19.9 m2 + room. farm close to Che?m?a!
954,Mieszkanie 2 pokojowe w centrum na 1 pi?trze,2-room apartment in the center on the 1st floor
955,Przytulne mieszkanie z pi?knym ogrodem,Cozy apartment with a beautiful garden
956,Dom jednorodzinny z du?ym ogrodem w cichej okolicy,Single-family house with a large garden in a quiet area
957,Mieszkanie blisko centrum Siedlce ul. Starowiejska,"Apartment close to the center of Siedlce, ul. Starowiejska"
958,48m+Balkon w centrum na drugim pi?trze,48 m + balcony in the center on the second floor
959,Z?ocie? | 46 m2 | 2 pokoje | klima | gara?,Pyrethrum | 46 m2 | 2 rooms | air conditioning | garage
960,"Os. Ko?ciuszkowskie, 2 pokoje, do remontu","Os. Ko?ciuszkowskie, 2 rooms, to be renovated"
961,Przestronne M5 Gliwice Centrum ul. Dworcowa,Spacious M5 Gliwice Centrum ul. Dworcowa
962,"Sprzedam mieszkanie 72m, I pi?tro, Bezpo?rednio","I am selling an apartment of 72 m2, 1st floor, directly"
963,"Nowe osiedle ul. ?¢dzka, Cz?stochowa/Parkitka","New housing estate ul. ?¢dzka, Cz?stochowa/Parkitka"
964,wygodna mansarda na pozna?skim ?azarzu,"a comfortable mansard in ?azarz, Pozna?"
965,Retkinia / 2 pokoje / pe?en rozk?ad / opcja 3 p.,Retkinia / 2 rooms / full layout / 3 floor option
966,Okazja mieszkanie 103m Floria?ska Krak¢w,Opportunity apartment 103m Floria?ska Krak¢w
967,Atrakcyjne 2 pokojowe mieszkanie blisko centrum,Attractive 2-room apartment close to the center
968,"S?oneczne 3-4 pokoje, parkiet, balkon, piwnica","Sunny 3-4 rooms, parquet floor, balcony, basement"
969,"Mieszkanie Nova Baltica w Ko?obrzegu, 2 pokoje,B56","Nova Baltica apartment in Ko?obrzeg, 2 rooms, B56"
970,Mieszkanie ?wie?o po remoncie | wysoki standard,Apartment freshly renovated | high standard
971,Mieszkanie z ogr¢dkiem/?rem,Apartment with a garden/?rem
972,"2 pokoje na R¢?anej 2, pi?kny widok na ziele? !!!","2 rooms at R¢?ana 2, beautiful view of the greenery!!!"
973,S?oneczne mieszkanie idealne pod inwestycj?,A sunny apartment perfect for investment
974,Mateczne | 2 pokoje | balkon,Mateczne | 2 rooms | balcony
975,Ekskluzywny Dom w Dzier?oniowie/587m2/140m2,Exclusive House in Dzier?oni¢w/587m2/140m2
976,Aktualne 2 Pokoje Ruczaj Federowicza Parking,Current 2 Rooms Ruczaj Federowicza Parking
977,"Lokal na sprzeda? na Powi?lu, du?y i jasny.","Premises for sale in Powi?le, large and bright."
978,*Inwestycja w najem lub w?asne gniazdko*,*Investment in rental or your own socket*
979,Funkcjonalne m-3 /37 m2 gotowe do wprowadzenia,Functional m-3 /37 m2 ready to move in
980,Mieszkanie na pi?trze 58mý II kwarta? 2024!!!,"Apartment on the first floor, 58 mý, Q2 2024!!!"
981,Nowoczesne rozwi?zania/ Elegancki dom/du?a dzia?ka,Modern solutions/Elegant house/large plot
982,"Fajne mieszkanie na rodzinnym osiedlu, 1 pi?tro","Nice apartment in a family estate, 1st floor"
983,ul. Mi?oci?ska 4 niezale?ne pokoje,street Mi?oci?ska 4 independent rooms
984,nowoczesne mieszkanie z ogrodem Gdynia ul. Boisko,modern apartment with garden Gdynia ul. Field
985,Nowe przestronne mieszkanie z balkonem,New spacious apartment with a balcony
986,Szeligi / Bemowo - 4 pokoje + 2 gara?e + kom¢rka,Szeligi / Bemowo - 4 rooms + 2 garages + storage room
987,2043Z? RABATU/M2?ok. Politechniki ?¢d?&CH Suckesja,"PLN 2,043 DISCOUNT/M2?approx. Lodz University of Technology & Suckesja CH"
988,"M-3 Tysi?clecie, 51m2, parter, loggia, uczelnie","M-3 Tysi?clecia, 51m2, ground floor, loggia, universities"
989,Apartamnet 31.79 m2 Pomi?dzy Morzem A Jeziorem !,Apartment 31.79 m2 Between the Sea and the Lake!
990,Mieszkanie - Rumia,Apartment - Rumia
991,Mieszkanie w centrum miasta,Apartment in the city center
992,Nowy Szereg W Brze?nie Z Gara?em Blisko Morza !,New Row in Brze?no With a Garage Near the Sea!
993,Kawalerka. W?ochy. KOR,Studio apartment. Italy. COR
994,"Sopot, 3 pokoje, widok na morze, 450 m od pla?y!","Sopot, 3 rooms, sea view, 450 m from the beach!"
995,Kawalerka gotowa do zamieszkania - Rumia Janowo,Studio apartment ready to move in - Rumia Janowo
996,Szczecin - 3 pokojowy apartament nad Odr?,Szczecin - 3-room apartment on the Oder River
997,Zaproponuj cen?. Mieszkanie 3 pokojowe przy Galaxy,Propose a price. 3-room apartment at Galaxy
998,"Nowe, 4 pokoje, ul Drw?cka z gara?em","New, 4 rooms, Drw?cka street with garage"
999,"Energooszcz?dne, nowe mieszkania - Duszniki-Zdr¢j","Energy-saving, new apartments - Duszniki-Zdr¢j"
1000,"Trzypokojowe mieszkanie przy ul. M. Reja, ?abiniec","Three-room apartment at ul. M. Reja, ?abiniec"
